"Species","ID_No","Tank_Density","Tank","Year","Date.metamorphosed","Mass.g.metamorphosed","Mark","Fate.comments","Mortality","Facility","Person Entering Data"
"Rcapito",1,NA,12,"2021","6/1/21",4.5,NA,NA,NA,"UGA","AKB"
"Rcapito",2,NA,17,"2021","6/3/21",5.41,NA,NA,NA,"UGA","AKB"
"Rcapito",3,NA,17,"2021","6/3/21",4.75,NA,NA,NA,"UGA","AKB"
"Rcapito",4,NA,17,"2021","6/3/21",4.13,NA,NA,NA,"UGA","AKB"
"Rcapito",5,NA,17,"2021","6/6/21",3.8,NA,NA,NA,"UGA","AKB"
"Rcapito",6,NA,17,"2021","6/6/21",5.48,NA,NA,NA,"UGA","AKB"
"Rcapito",7,NA,17,"2021","6/6/21",4.99,NA,"1 cm tail",NA,"UGA","AKB"
"Rcapito",8,NA,17,"2021","6/6/21",5.23,NA,NA,NA,"UGA","AKB"
"Rcapito",9,NA,1,"2021","6/7/21",4.58,NA,NA,NA,"UGA","AKB"
"Rcapito",10,NA,10,"2021","6/7/21",4.13,NA,NA,NA,"UGA","AKB"
"Rcapito",11,NA,7,"2021","6/7/21",4.53,NA,NA,NA,"UGA","AKB"
"Rcapito",12,NA,7,"2021","6/7/21",3.61,NA,NA,NA,"UGA","AKB"
"Rcapito",13,NA,20,"2021","6/7/21",4.26,NA,NA,NA,"UGA","AKB"
"Rcapito",14,NA,20,"2021","6/7/21",5.11,NA,NA,NA,"UGA","AKB"
"Rcapito",15,NA,20,"2021","6/7/21",5.14,NA,NA,NA,"UGA","AKB"
"Rcapito",16,NA,20,"2021","6/7/21",5.29,NA,NA,NA,"UGA","AKB"
"Rcapito",17,NA,20,"2021","6/7/21",4.43,NA,NA,NA,"UGA","AKB"
"Rcapito",18,NA,20,"2021","6/7/21",4.6,NA,NA,NA,"UGA","AKB"
"Rcapito",19,NA,20,"2021","6/7/21",4.21,NA,NA,NA,"UGA","AKB"
"Rcapito",20,NA,20,"2021","6/7/21",4.37,NA,NA,NA,"UGA","AKB"
"Rcapito",21,NA,20,"2021","6/7/21",3.91,NA,NA,NA,"UGA","AKB"
"Rcapito",22,NA,14,"2021","6/7/21",4.71,NA,"1 cm tail",NA,"UGA","AKB"
"Rcapito",23,NA,14,"2021","6/7/21",4.89,NA,NA,NA,"UGA","AKB"
"Rcapito",24,NA,14,"2021","6/7/21",4.61,NA,".5 cm tail",NA,"UGA","AKB"
"Rcapito",25,NA,14,"2021","6/7/21",4.64,NA,NA,NA,"UGA","AKB"
"Rcapito",26,NA,14,"2021","6/7/21",4.69,NA,NA,NA,"UGA","AKB"
"Rcapito",27,NA,14,"2021","6/7/21",5.22,NA,"1 cm tail",NA,"UGA","AKB"
"Rcapito",28,NA,14,"2021","6/7/21",4.76,NA,NA,NA,"UGA","AKB"
"Rcapito",29,NA,14,"2021","6/7/21",6.73,NA,NA,NA,"UGA","AKB"
"Rcapito",30,NA,14,"2021","6/7/21",5.93,NA,NA,NA,"UGA","AKB"
"Rcapito",31,NA,16,"2021","6/7/21",5.04,NA,"1.5 cm tail",NA,"UGA","AKB"
"Rcapito",32,NA,16,"2021","6/7/21",4.27,NA,NA,NA,"UGA","AKB"
"Rcapito",33,NA,24,"2021","6/7/21",6.26,NA,".5 cm tail",NA,"UGA","AKB"
"Rcapito",34,NA,19,"2021","6/7/21",5.7,NA,NA,NA,"UGA","AKB"
"Rcapito",35,NA,13,"2021","6/7/21",4.26,NA,"1 cm tail",NA,"UGA","AKB"
"Rcapito",36,NA,12,"2021","6/7/21",5.32,NA,"1 cm tail",NA,"UGA","AKB"
"Rcapito",37,NA,13,"2021","6/7/21",4.32,NA,NA,NA,"UGA","AKB"
"Rcapito",38,NA,12,"2021","6/7/21",5.66,NA,".5 cm tail",NA,"UGA","AKB"
"Rcapito",39,NA,12,"2021","6/7/21",5.68,NA,NA,NA,"UGA","AKB"
"Rcapito",40,NA,12,"2021","6/7/21",4.35,NA,NA,NA,"UGA","AKB"
"Rcapito",41,NA,12,"2021","6/7/21",4.39,NA,NA,NA,"UGA","AKB"
"Rcapito",42,NA,12,"2021","6/7/21",5.74,NA,NA,NA,"UGA","AKB"
"Rcapito",43,NA,12,"2021","6/7/21",4.6,NA,NA,NA,"UGA","AKB"
"Rcapito",44,NA,12,"2021","6/7/21",6.03,NA,NA,"deceased","UGA","AKB"
"Rcapito",45,NA,12,"2021","6/7/21",4.13,NA,NA,NA,"UGA","AKB"
"Rcapito",46,NA,12,"2021","6/7/21",3.83,NA,NA,NA,"UGA","AKB"
"Rcapito",47,NA,12,"2021","6/7/21",4.17,NA,NA,NA,"UGA","AKB"
"Rcapito",48,NA,17,"2021","6/7/21",3.65,NA,NA,NA,"UGA","AKB"
"Rcapito",49,NA,12,"2021","6/7/21",4.92,NA,NA,NA,"UGA","AKB"
"Rcapito",50,NA,17,"2021","6/7/21",3.81,NA,NA,NA,"UGA","AKB"
"Rcapito",51,NA,17,"2021","6/7/21",4.34,NA,"1 cm tail",NA,"UGA","AKB"
"Rcapito",52,NA,1,"2021","6/7/21",4.9,NA,".5 cm tail",NA,"UGA","AKB"
"Rcapito",53,NA,8,"2021","6/9/21",7.3,NA,"1 cm tail",NA,"UGA","AKB"
"Rcapito",54,NA,17,"2021","6/9/21",5.48,NA,"1 cm tail",NA,"UGA","AKB"
"Rcapito",55,NA,17,"2021","6/9/21",4.71,NA,"1 cm tail",NA,"UGA","AKB"
"Rcapito",56,NA,7,"2021","6/9/21",4.07,NA,NA,NA,"UGA","AKB"
"Rcapito",57,NA,7,"2021","6/9/21",4.54,NA,"1 cm tail",NA,"UGA","AKB"
"Rcapito",58,NA,7,"2021","6/9/21",5.02,NA,NA,NA,"UGA","AKB"
"Rcapito",59,NA,7,"2021","6/9/21",4.05,NA,NA,NA,"UGA","AKB"
"Rcapito",60,NA,17,"2021","6/9/21",3.91,NA,".5 cm tail",NA,"UGA","AKB"
"Rcapito",61,NA,17,"2021","6/9/21",3.92,NA,NA,NA,"UGA","AKB"
"Rcapito",62,NA,17,"2021","6/9/21",3.97,NA,".5 cm tail",NA,"UGA","AKB"
"Rcapito",63,NA,17,"2021","6/9/21",4.16,NA,NA,NA,"UGA","AKB"
"Rcapito",64,NA,17,"2021","6/9/21",4.12,NA,NA,NA,"UGA","AKB"
"Rcapito",65,NA,17,"2021","6/9/21",3.8,NA,NA,NA,"UGA","AKB"
"Rcapito",66,NA,17,"2021","6/9/21",5.14,NA,NA,NA,"UGA","AKB"
"Rcapito",67,NA,17,"2021","6/9/21",4.66,NA,NA,NA,"UGA","AKB"
"Rcapito",68,NA,17,"2021","6/9/21",5.33,NA,NA,NA,"UGA","AKB"
"Rcapito",69,NA,12,"2021","6/9/21",5.11,NA,NA,NA,"UGA","AKB"
"Rcapito",70,NA,12,"2021","6/9/21",4.66,NA,NA,NA,"UGA","AKB"
"Rcapito",71,NA,12,"2021","6/9/21",4.33,NA,".5 cm tail",NA,"UGA","AKB"
"Rcapito",72,NA,12,"2021","6/9/21",4.65,NA,NA,NA,"UGA","AKB"
"Rcapito",73,NA,12,"2021","6/9/21",4.7,NA,NA,NA,"UGA","AKB"
"Rcapito",74,NA,12,"2021","6/9/21",4.38,NA,".5 cm tail",NA,"UGA","AKB"
"Rcapito",75,NA,13,"2021","6/9/21",4.67,NA,"1 cm tail",NA,"UGA","AKB"
"Rcapito",76,NA,16,"2021","6/9/21",3.49,NA,NA,NA,"UGA","AKB"
"Rcapito",77,NA,11,"2021","6/9/21",5.09,NA,NA,NA,"UGA","AKB"
"Rcapito",78,NA,7,"2021","6/9/21",4.49,NA,".5 cm tail",NA,"UGA","AKB"
"Rcapito",79,NA,7,"2021","6/9/21",4.21,NA,NA,NA,"UGA","AKB"
"Rcapito",80,NA,7,"2021","6/9/21",4.47,NA,NA,NA,"UGA","AKB"
"Rcapito",81,NA,7,"2021","6/9/21",3.65,NA,NA,NA,"UGA","AKB"
"Rcapito",82,NA,7,"2021","6/9/21",4.19,NA,NA,NA,"UGA","AKB"
"Rcapito",83,NA,7,"2021","6/9/21",5.47,NA,"1 cm tail",NA,"UGA","AKB"
"Rcapito",84,NA,7,"2021","6/9/21",4.18,NA,NA,NA,"UGA","AKB"
"Rcapito",85,NA,14,"2021","6/9/21",5.41,NA,NA,NA,"UGA","AKB"
"Rcapito",86,NA,14,"2021","6/9/21",5.71,NA,NA,NA,"UGA","AKB"
"Rcapito",87,NA,14,"2021","6/9/21",4.82,NA,".5 cm tail",NA,"UGA","AKB"
"Rcapito",88,NA,14,"2021","6/9/21",4.91,NA,".5 cm tail",NA,"UGA","AKB"
"Rcapito",89,NA,15,"2021","6/12/21",5.51,NA,NA,NA,"UGA","AKB"
"Rcapito",90,NA,15,"2021","6/12/21",5.69,NA,NA,NA,"UGA","AKB"
"Rcapito",91,NA,15,"2021","6/12/21",5.85,NA,NA,NA,"UGA","AKB"
"Rcapito",92,NA,10,"2021","6/12/21",3.21,NA,NA,NA,"UGA","AKB"
"Rcapito",93,NA,10,"2021","6/12/21",5.53,NA,"1 cm tail",NA,"UGA","AKB"
"Rcapito",94,NA,16,"2021","6/12/21",4.6,NA,NA,NA,"UGA","AKB"
"Rcapito",95,NA,17,"2021","6/12/21",4.83,NA,NA,NA,"UGA","AKB"
"Rcapito",96,NA,16,"2021","6/12/21",5.08,NA,NA,NA,"UGA","AKB"
"Rcapito",97,NA,16,"2021","6/12/21",4.77,NA,NA,NA,"UGA","AKB"
"Rcapito",98,NA,13,"2021","6/12/21",4.83,NA,NA,NA,"UGA","AKB"
"Rcapito",99,NA,13,"2021","6/12/21",3.35,NA,NA,NA,"UGA","AKB"
"Rcapito",100,NA,16,"2021","6/12/21",4.93,NA,NA,NA,"UGA","AKB"
"Rcapito",101,NA,14,"2021","6/12/21",4.05,NA,NA,NA,"UGA","AKB"
"Rcapito",102,NA,16,"2021","6/12/21",4.25,NA,NA,NA,"UGA","AKB"
"Rcapito",103,NA,16,"2021","6/12/21",5.15,NA,NA,NA,"UGA","AKB"
"Rcapito",104,NA,16,"2021","6/12/21",5.2,NA,NA,NA,"UGA","AKB"
"Rcapito",105,NA,16,"2021","6/12/21",4.12,NA,NA,NA,"UGA","AKB"
"Rcapito",106,NA,6,"2021","6/12/21",3.74,NA,NA,NA,"UGA","AKB"
"Rcapito",107,NA,13,"2021","6/12/21",3.83,NA,NA,NA,"UGA","AKB"
"Rcapito",108,NA,13,"2021","6/12/21",4.11,NA,NA,NA,"UGA","AKB"
"Rcapito",109,NA,16,"2021","6/12/21",4.39,NA,NA,NA,"UGA","AKB"
"Rcapito",110,NA,14,"2021","6/12/21",5.02,NA,NA,NA,"UGA","AKB"
"Rcapito",111,NA,24,"2021","6/12/21",6.19,NA,NA,NA,"UGA","AKB"
"Rcapito",112,NA,16,"2021","6/12/21",5.32,NA,NA,NA,"UGA","AKB"
"Rcapito",113,NA,20,"2021","6/12/21",4.76,NA,NA,NA,"UGA","AKB"
"Rcapito",114,NA,24,"2021","6/12/21",4.83,NA,NA,NA,"UGA","AKB"
"Rcapito",115,NA,20,"2021","6/12/21",4.37,NA,NA,NA,"UGA","AKB"
"Rcapito",116,NA,14,"2021","6/12/21",4.63,NA,NA,NA,"UGA","AKB"
"Rcapito",117,NA,14,"2021","6/12/21",4.15,NA,NA,NA,"UGA","AKB"
"Rcapito",118,NA,19,"2021","6/12/21",5.03,NA,NA,NA,"UGA","AKB"
"Rcapito",119,NA,24,"2021","6/12/21",5.92,NA,NA,NA,"UGA","AKB"
"Rcapito",120,NA,20,"2021","6/12/21",4.88,NA,NA,NA,"UGA","AKB"
"Rcapito",121,NA,20,"2021","6/12/21",4.45,NA,NA,NA,"UGA","AKB"
"Rcapito",122,NA,20,"2021","6/12/21",4.9,NA,NA,NA,"UGA","AKB"
"Rcapito",123,NA,12,"2021","6/12/21",5.9,NA,NA,NA,"UGA","AKB"
"Rcapito",124,NA,20,"2021","6/12/21",4.28,NA,NA,NA,"UGA","AKB"
"Rcapito",125,NA,19,"2021","6/12/21",4.71,NA,NA,NA,"UGA","AKB"
"Rcapito",126,NA,19,"2021","6/12/21",5.5,NA,NA,NA,"UGA","AKB"
"Rcapito",127,NA,14,"2021","6/12/21",4.4,NA,NA,NA,"UGA","AKB"
"Rcapito",128,NA,14,"2021","6/12/21",3.82,NA,NA,NA,"UGA","AKB"
"Rcapito",129,NA,14,"2021","6/12/21",4.89,NA,NA,NA,"UGA","AKB"
"Rcapito",130,NA,20,"2021","6/12/21",4.28,NA,NA,NA,"UGA","AKB"
"Rcapito",131,NA,20,"2021","6/12/21",4.47,NA,NA,NA,"UGA","AKB"
"Rcapito",132,NA,14,"2021","6/12/21",4.29,NA,NA,NA,"UGA","AKB"
"Rcapito",133,NA,14,"2021","6/12/21",3.87,NA,NA,NA,"UGA","AKB"
"Rcapito",134,NA,14,"2021","6/12/21",4.25,NA,NA,NA,"UGA","AKB"
"Rcapito",135,NA,14,"2021","6/12/21",4.5,NA,NA,NA,"UGA","AKB"
"Rcapito",136,NA,14,"2021","6/12/21",4.42,NA,NA,NA,"UGA","AKB"
"Rcapito",137,NA,12,"2021","6/12/21",4.83,NA,NA,NA,"UGA","AKB"
"Rcapito",138,NA,9,"2021","6/12/21",5.91,NA,NA,NA,"UGA","AKB"
"Rcapito",139,NA,14,"2021","6/12/21",4.17,NA,NA,NA,"UGA","AKB"
"Rcapito",140,NA,9,"2021","6/12/21",7.87,NA,"1 cm tail",NA,"UGA","AKB"
"Rcapito",141,NA,9,"2021","6/12/21",6.44,NA,NA,NA,"UGA","AKB"
"Rcapito",142,NA,14,"2021","6/12/21",4.59,NA,NA,NA,"UGA","AKB"
"Rcapito",143,NA,12,"2021","6/12/21",5.33,NA,NA,NA,"UGA","AKB"
"Rcapito",144,NA,9,"2021","6/12/21",5.48,NA,NA,NA,"UGA","AKB"
"Rcapito",145,NA,12,"2021","6/12/21",5.8,NA,NA,NA,"UGA","AKB"
"Rcapito",146,NA,12,"2021","6/12/21",6,NA,NA,NA,"UGA","AKB"
"Rcapito",147,NA,12,"2021","6/12/21",5.02,NA,NA,NA,"UGA","AKB"
"Rcapito",148,NA,12,"2021","6/12/21",5.27,NA,NA,NA,"UGA","AKB"
"Rcapito",149,NA,12,"2021","6/12/21",4.78,NA,NA,NA,"UGA","AKB"
"Rcapito",150,NA,12,"2021","6/12/21",4.83,NA,NA,NA,"UGA","AKB"
"Rcapito",151,NA,12,"2021","6/12/21",5.39,NA,NA,NA,"UGA","AKB"
"Rcapito",152,NA,4,"2021","6/12/21",4.28,NA,NA,NA,"UGA","AKB"
"Rcapito",153,NA,4,"2021","6/12/21",4.87,NA,NA,NA,"UGA","AKB"
"Rcapito",154,NA,4,"2021","6/12/21",4.62,NA,NA,NA,"UGA","AKB"
"Rcapito",155,NA,4,"2021","6/12/21",4.55,NA,NA,NA,"UGA","AKB"
"Rcapito",156,NA,4,"2021","6/12/21",4.89,NA,".5 cm tail",NA,"UGA","AKB"
"Rcapito",157,NA,8,"2021","6/12/21",5.41,NA,NA,NA,"UGA","AKB"
"Rcapito",158,NA,4,"2021","6/12/21",4.56,NA,NA,NA,"UGA","AKB"
"Rcapito",159,NA,4,"2021","6/12/21",4.51,NA,NA,NA,"UGA","AKB"
"Rcapito",160,NA,7,"2021","6/12/21",4.43,NA,NA,NA,"UGA","AKB"
"Rcapito",161,NA,7,"2021","6/12/21",4.57,NA,NA,NA,"UGA","AKB"
"Rcapito",162,NA,7,"2021","6/12/21",3.44,NA,NA,NA,"UGA","AKB"
"Rcapito",163,NA,8,"2021","6/12/21",5.52,NA,NA,NA,"UGA","AKB"
"Rcapito",164,NA,4,"2021","6/12/21",4.77,NA,"1 cm tail",NA,"UGA","AKB"
"Rcapito",165,NA,8,"2021","6/12/21",4.82,NA,NA,NA,"UGA","AKB"
"Rcapito",166,NA,4,"2021","6/12/21",4.45,NA,NA,NA,"UGA","AKB"
"Rcapito",167,NA,4,"2021","6/12/21",4.17,NA,NA,NA,"UGA","AKB"
"Rcapito",168,NA,7,"2021","6/12/21",3.72,NA,NA,NA,"UGA","AKB"
"Rcapito",169,NA,2,"2021","6/12/21",4.71,NA,NA,NA,"UGA","AKB"
"Rcapito",170,NA,7,"2021","6/12/21",5.25,NA,NA,NA,"UGA","AKB"
"Rcapito",171,NA,7,"2021","6/12/21",3.8,NA,NA,NA,"UGA","AKB"
"Rcapito",172,NA,7,"2021","6/12/21",4.07,NA,NA,NA,"UGA","AKB"
"Rcapito",173,NA,7,"2021","6/12/21",4.3,NA,NA,NA,"UGA","AKB"
"Rcapito",174,NA,7,"2021","6/12/21",4.54,NA,NA,NA,"UGA","AKB"
"Rcapito",175,NA,7,"2021","6/12/21",3.68,NA,NA,NA,"UGA","AKB"
"Rcapito",176,NA,1,"2021","6/12/21",4.77,NA,NA,NA,"UGA","AKB"
"Rcapito",177,NA,1,"2021","6/12/21",4.57,NA,NA,NA,"UGA","AKB"
"Rcapito",178,NA,1,"2021","6/12/21",4.42,NA,NA,NA,"UGA","AKB"
"Rcapito",179,NA,2,"2021","6/12/21",4.76,NA,NA,NA,"UGA","AKB"
"Rcapito",180,NA,2,"2021","6/12/21",3.84,NA,NA,NA,"UGA","AKB"
"Rcapito",181,NA,1,"2021","6/12/21",4.74,NA,NA,NA,"UGA","AKB"
"Rcapito",182,NA,1,"2021","6/12/21",3.93,NA,NA,NA,"UGA","AKB"
"Rcapito",183,NA,1,"2021","6/12/21",4.27,NA,NA,NA,"UGA","AKB"
"Rcapito",184,NA,1,"2021","6/12/21",5.65,NA,NA,NA,"UGA","AKB"
"Rcapito",185,NA,2,"2021","6/12/21",5.05,NA,"1 cm tail",NA,"UGA","AKB"
"Rcapito",186,NA,1,"2021","6/12/21",4.48,NA,NA,NA,"UGA","AKB"
"Rcapito",187,NA,1,"2021","6/12/21",4.58,NA,NA,NA,"UGA","AKB"
"Rcapito",188,NA,1,"2021","6/12/21",4.15,NA,NA,NA,"UGA","AKB"
"Rcapito",189,NA,1,"2021","6/12/21",4.48,NA,NA,NA,"UGA","AKB"
"Rcapito",190,NA,1,"2021","6/12/21",4.38,NA,NA,NA,"UGA","AKB"
"Rcapito",191,NA,1,"2021","6/12/21",4.76,NA,NA,NA,"UGA","AKB"
"Rcapito",192,NA,11,"2021","6/14/21",4.37,NA,NA,NA,"UGA","AKB"
"Rcapito",193,NA,20,"2021","6/14/21",4.16,NA,NA,NA,"UGA","AKB"
"Rcapito",194,NA,11,"2021","6/14/21",6.46,NA,NA,NA,"UGA","AKB"
"Rcapito",195,NA,20,"2021","6/14/21",4.35,NA,NA,NA,"UGA","AKB"
"Rcapito",196,NA,20,"2021","6/14/21",4.6,NA,NA,NA,"UGA","AKB"
"Rcapito",197,NA,13,"2021","6/14/21",4.85,NA,NA,NA,"UGA","AKB"
"Rcapito",198,NA,20,"2021","6/14/21",4.25,NA,NA,NA,"UGA","AKB"
"Rcapito",199,NA,13,"2021","6/14/21",5.1,NA,NA,NA,"UGA","AKB"
"Rcapito",200,NA,16,"2021","6/14/21",4.35,NA,NA,NA,"UGA","AKB"
"Rcapito",201,NA,14,"2021","6/14/21",5.23,NA,NA,NA,"UGA","AKB"
"Rcapito",202,NA,14,"2021","6/14/21",4.25,NA,NA,NA,"UGA","AKB"
"Rcapito",203,NA,16,"2021","6/14/21",4.62,NA,NA,NA,"UGA","AKB"
"Rcapito",204,NA,17,"2021","6/14/21",3.88,NA,NA,NA,"UGA","AKB"
"Rcapito",205,NA,14,"2021","6/14/21",5.38,NA,NA,NA,"UGA","AKB"
"Rcapito",206,NA,16,"2021","6/14/21",4.78,NA,NA,NA,"UGA","AKB"
"Rcapito",207,NA,17,"2021","6/14/21",4.38,NA,NA,NA,"UGA","AKB"
"Rcapito",208,NA,1,"2021","6/14/21",4.5,NA,NA,NA,"UGA","AKB"
"Rcapito",209,NA,2,"2021","6/14/21",4.06,NA,NA,NA,"UGA","AKB"
"Rcapito",210,NA,5,"2021","6/14/21",5.67,NA,NA,NA,"UGA","AKB"
"Rcapito",211,NA,14,"2021","6/14/21",5.88,NA,NA,NA,"UGA","AKB"
"Rcapito",212,NA,15,"2021","6/14/21",6.06,NA,NA,NA,"UGA","AKB"
"Rcapito",213,NA,16,"2021","6/14/21",5.2,NA,NA,NA,"UGA","AKB"
"Rcapito",214,NA,16,"2021","6/14/21",5.73,NA,NA,NA,"UGA","AKB"
"Rcapito",215,NA,16,"2021","6/14/21",5.53,NA,NA,NA,"UGA","AKB"
"Rcapito",216,NA,14,"2021","6/14/21",4.03,NA,NA,NA,"UGA","AKB"
"Rcapito",217,NA,14,"2021","6/14/21",4.05,NA,NA,NA,"UGA","AKB"
"Rcapito",218,NA,14,"2021","6/14/21",3.9,NA,NA,NA,"UGA","AKB"
"Rcapito",219,NA,17,"2021","6/14/21",5.21,NA,NA,NA,"UGA","AKB"
"Rcapito",220,NA,24,"2021","6/14/21",4.86,NA,NA,NA,"UGA","AKB"
"Rcapito",221,NA,5,"2021","6/14/21",6.73,NA,NA,NA,"UGA","AKB"
"Rcapito",222,NA,5,"2021","6/14/21",7.54,NA,NA,NA,"UGA","AKB"
"Rcapito",223,NA,16,"2021","6/14/21",5.84,NA,NA,NA,"UGA","AKB"
"Rcapito",224,NA,16,"2021","6/14/21",5.65,NA,NA,NA,"UGA","AKB"
"Rcapito",225,NA,9,"2021","6/14/21",6.72,NA,NA,NA,"UGA","AKB"
"Rcapito",226,NA,9,"2021","6/14/21",8.58,NA,NA,NA,"UGA","AKB"
"Rcapito",227,NA,14,"2021","6/14/21",4.28,NA,NA,NA,"UGA","AKB"
"Rcapito",228,NA,14,"2021","6/14/21",4.29,NA,NA,NA,"UGA","AKB"
"Rcapito",229,NA,12,"2021","6/14/21",4.59,NA,NA,NA,"UGA","AKB"
"Rcapito",230,NA,8,"2021","6/14/21",6.3,NA,NA,NA,"UGA","AKB"
"Rcapito",231,NA,9,"2021","6/14/21",6.75,NA,NA,NA,"UGA","AKB"
"Rcapito",232,NA,12,"2021","6/14/21",6.16,NA,NA,NA,"UGA","AKB"
"Rcapito",233,NA,16,"2021","6/14/21",5.46,NA,NA,NA,"UGA","AKB"
"Rcapito",234,NA,16,"2021","6/14/21",4.94,NA,NA,NA,"UGA","AKB"
"Rcapito",235,NA,12,"2021","6/14/21",6.21,NA,NA,NA,"UGA","AKB"
"Rcapito",236,NA,12,"2021","6/14/21",4.84,NA,NA,NA,"UGA","AKB"
"Rcapito",237,NA,8,"2021","6/14/21",6.15,NA,NA,NA,"UGA","AKB"
"Rcapito",238,NA,16,"2021","6/14/21",4.36,NA,NA,NA,"UGA","AKB"
"Rcapito",239,NA,16,"2021","6/14/21",4.82,NA,NA,NA,"UGA","AKB"
"Rcapito",240,NA,8,"2021","6/14/21",6.89,NA,NA,NA,"UGA","AKB"
"Rcapito",241,NA,14,"2021","6/14/21",4.54,NA,NA,NA,"UGA","AKB"
"Rcapito",242,NA,14,"2021","6/14/21",5.16,NA,NA,NA,"UGA","AKB"
"Rcapito",243,NA,14,"2021","6/14/21",4.88,NA,NA,NA,"UGA","AKB"
"Rcapito",244,NA,14,"2021","6/14/21",5.62,NA,NA,NA,"UGA","AKB"
"Rcapito",245,NA,12,"2021","6/14/21",5.64,NA,NA,NA,"UGA","AKB"
"Rcapito",246,NA,12,"2021","6/14/21",4.26,NA,NA,NA,"UGA","AKB"
"Rcapito",247,NA,17,"2021","6/14/21",3.28,NA,NA,NA,"UGA","AKB"
"Rcapito",248,NA,16,"2021","6/14/21",4.65,NA,NA,NA,"UGA","AKB"
"Rcapito",249,NA,17,"2021","6/14/21",4.86,NA,NA,NA,"UGA","AKB"
"Rcapito",250,NA,17,"2021","6/14/21",4.25,NA,NA,NA,"UGA","AKB"
"Rcapito",251,NA,17,"2021","6/14/21",3.93,NA,NA,NA,"UGA","AKB"
"Rcapito",252,NA,13,"2021","6/14/21",3.77,NA,NA,NA,"UGA","AKB"
"Rcapito",253,NA,6,"2021","6/14/21",4.04,NA,NA,NA,"UGA","AKB"
"Rcapito",254,NA,14,"2021","6/14/21",4.52,NA,NA,NA,"UGA","AKB"
"Rcapito",255,NA,20,"2021","6/14/21",3.53,NA,NA,NA,"UGA","AKB"
"Rcapito",256,NA,7,"2021","6/14/21",3.94,NA,NA,NA,"UGA","AKB"
"Rcapito",257,NA,18,"2021","6/14/21",4.98,NA,NA,NA,"UGA","AKB"
"Rcapito",258,NA,17,"2021","6/14/21",4.55,NA,NA,NA,"UGA","AKB"
"Rcapito",259,NA,2,"2021","6/14/21",5.26,NA,NA,NA,"UGA","AKB"
"Rcapito",260,NA,4,"2021","6/14/21",4.68,NA,NA,NA,"UGA","AKB"
"Rcapito",261,NA,4,"2021","6/14/21",5.19,NA,NA,NA,"UGA","AKB"
"Rcapito",262,NA,7,"2021","6/14/21",4.93,NA,NA,NA,"UGA","AKB"
"Rcapito",263,NA,19,"2021","6/14/21",4.55,NA,NA,NA,"UGA","AKB"
"Rcapito",264,NA,24,"2021","6/14/21",4.47,NA,NA,NA,"UGA","AKB"
"Rcapito",265,NA,2,"2021","6/14/21",4.56,NA,NA,NA,"UGA","AKB"
"Rcapito",266,NA,4,"2021","6/14/21",5.31,NA,NA,NA,"UGA","AKB"
"Rcapito",267,NA,4,"2021","6/14/21",5.4,NA,NA,NA,"UGA","AKB"
"Rcapito",268,NA,2,"2021","6/14/21",5.12,NA,NA,NA,"UGA","AKB"
"Rcapito",269,NA,13,"2021","6/14/21",3.66,NA,NA,NA,"UGA","AKB"
"Rcapito",270,NA,24,"2021","6/14/21",5.37,NA,NA,NA,"UGA","AKB"
"Rcapito",271,NA,24,"2021","6/14/21",6.19,NA,NA,NA,"UGA","AKB"
"Rcapito",272,NA,4,"2021","6/14/21",5.02,NA,NA,NA,"UGA","AKB"
"Rcapito",273,NA,4,"2021","6/14/21",4.02,NA,NA,NA,"UGA","AKB"
"Rcapito",274,NA,13,"2021","6/14/21",5.03,NA,NA,NA,"UGA","AKB"
"Rcapito",275,NA,19,"2021","6/14/21",4.27,NA,NA,NA,"UGA","AKB"
"Rcapito",276,NA,4,"2021","6/14/21",5.19,NA,NA,NA,"UGA","AKB"
"Rcapito",277,NA,7,"2021","6/14/21",5.1,NA,NA,NA,"UGA","AKB"
"Rcapito",278,NA,7,"2021","6/14/21",4.68,NA,NA,NA,"UGA","AKB"
"Rcapito",279,NA,4,"2021","6/14/21",4.5,NA,NA,NA,"UGA","AKB"
"Rcapito",280,NA,3,"2021","6/14/21",4.14,NA,NA,NA,"UGA","AKB"
"Rcapito",281,NA,19,"2021","6/14/21",4.6,NA,NA,NA,"UGA","AKB"
"Rcapito",282,NA,4,"2021","6/14/21",4.55,NA,"1 cm tail",NA,"UGA","AKB"
"Rcapito",283,NA,7,"2021","6/14/21",4.57,NA,NA,NA,"UGA","AKB"
"Rcapito",284,NA,4,"2021","6/14/21",4.58,NA,NA,NA,"UGA","AKB"
"Rcapito",285,NA,3,"2021","6/14/21",4.75,NA,NA,NA,"UGA","AKB"
"Rcapito",286,NA,9,"2021","6/14/21",7.82,NA,NA,NA,"UGA","AKB"
"Rcapito",287,NA,2,"2021","6/14/21",5.75,NA,NA,NA,"UGA","AKB"
"Rcapito",288,NA,9,"2021","6/14/21",6.4,NA,NA,NA,"UGA","AKB"
"Rcapito",289,NA,3,"2021","6/14/21",5.66,NA,NA,NA,"UGA","AKB"
"Rcapito",290,NA,9,"2021","6/14/21",6.98,NA,NA,NA,"UGA","AKB"
"Rcapito",291,NA,24,"2021","6/14/21",5.93,NA,NA,NA,"UGA","AKB"
"Rcapito",292,NA,8,"2021","6/14/21",7.28,NA,NA,NA,"UGA","AKB"
"Rcapito",293,NA,8,"2021","6/14/21",6.18,NA,NA,NA,"UGA","AKB"
"Rcapito",294,NA,13,"2021","6/14/21",5.61,NA,NA,NA,"UGA","AKB"
"Rcapito",295,NA,24,"2021","6/14/21",6.28,NA,NA,NA,"UGA","AKB"
"Rcapito",296,NA,9,"2021","6/14/21",6.87,NA,NA,NA,"UGA","AKB"
"Rcapito",297,NA,9,"2021","6/14/21",7.42,NA,NA,NA,"UGA","AKB"
"Rcapito",298,NA,24,"2021","6/14/21",5.68,NA,NA,NA,"UGA","AKB"
"Rcapito",299,NA,6,"2021","6/16/21",4.79,NA,NA,NA,"UGA","AKB"
"Rcapito",300,NA,6,"2021","6/16/21",4.8,NA,NA,NA,"UGA","AKB"
"Rcapito",301,NA,1,"2021","6/16/21",4.88,NA,NA,NA,"UGA","AKB"
"Rcapito",302,NA,1,"2021","6/16/21",4.82,NA,NA,NA,"UGA","AKB"
"Rcapito",303,NA,1,"2021","6/16/21",3.27,NA,NA,NA,"UGA","AKB"
"Rcapito",304,NA,1,"2021","6/16/21",4.53,NA,NA,NA,"UGA","AKB"
"Rcapito",305,NA,3,"2021","6/16/21",4.21,NA,NA,NA,"UGA","AKB"
"Rcapito",306,NA,8,"2021","6/16/21",4.9,NA,NA,NA,"UGA","AKB"
"Rcapito",307,NA,10,"2021","6/16/21",4.78,NA,NA,NA,"UGA","AKB"
"Rcapito",308,NA,8,"2021","6/16/21",5.81,NA,NA,NA,"UGA","AKB"
"Rcapito",309,NA,8,"2021","6/16/21",4.21,NA,NA,NA,"UGA","AKB"
"Rcapito",310,NA,11,"2021","6/16/21",5.13,NA,NA,NA,"UGA","AKB"
"Rcapito",311,NA,2,"2021","6/16/21",5.25,NA,NA,NA,"UGA","AKB"
"Rcapito",312,NA,1,"2021","6/16/21",4.02,NA,NA,NA,"UGA","AKB"
"Rcapito",313,NA,1,"2021","6/16/21",5.63,NA,NA,NA,"UGA","AKB"
"Rcapito",314,NA,8,"2021","6/16/21",5.71,NA,NA,NA,"UGA","AKB"
"Rcapito",315,NA,2,"2021","6/16/21",4.74,NA,NA,NA,"UGA","AKB"
"Rcapito",316,NA,8,"2021","6/16/21",5.57,NA,NA,NA,"UGA","AKB"
"Rcapito",317,NA,6,"2021","6/16/21",5.16,NA,NA,NA,"UGA","AKB"
"Rcapito",318,NA,1,"2021","6/16/21",3.27,NA,NA,NA,"UGA","AKB"
"Rcapito",319,NA,3,"2021","6/16/21",4.21,NA,NA,NA,"UGA","AKB"
"Rcapito",320,NA,6,"2021","6/16/21",4.69,NA,NA,NA,"UGA","AKB"
"Rcapito",321,NA,7,"2021","6/16/21",4.89,NA,NA,NA,"UGA","AKB"
"Rcapito",322,NA,10,"2021","6/16/21",4.41,NA,NA,NA,"UGA","AKB"
"Rcapito",323,NA,7,"2021","6/16/21",3.39,NA,NA,NA,"UGA","AKB"
"Rcapito",324,NA,4,"2021","6/16/21",5.41,NA,NA,NA,"UGA","AKB"
"Rcapito",325,NA,14,"2021","6/16/21",5.22,NA,NA,NA,"UGA","AKB"
"Rcapito",326,NA,11,"2021","6/16/21",5.19,NA,NA,NA,"UGA","AKB"
"Rcapito",327,NA,7,"2021","6/16/21",4.73,NA,NA,NA,"UGA","AKB"
"Rcapito",328,NA,8,"2021","6/16/21",5.68,NA,NA,NA,"UGA","AKB"
"Rcapito",329,NA,4,"2021","6/16/21",4.09,NA,NA,NA,"UGA","AKB"
"Rcapito",330,NA,12,"2021","6/16/21",5.81,NA,NA,NA,"UGA","AKB"
"Rcapito",331,NA,14,"2021","6/16/21",4.25,NA,NA,NA,"UGA","AKB"
"Rcapito",332,NA,15,"2021","6/16/21",5.58,NA,NA,NA,"UGA","AKB"
"Rcapito",333,NA,7,"2021","6/16/21",3.99,NA,NA,NA,"UGA","AKB"
"Rcapito",334,NA,12,"2021","6/16/21",5.97,NA,NA,NA,"UGA","AKB"
"Rcapito",335,NA,12,"2021","6/16/21",7.25,NA,"1.5 cm tail",NA,"UGA","AKB"
"Rcapito",336,NA,2,"2021","6/16/21",4.49,NA,NA,NA,"UGA","AKB"
"Rcapito",337,NA,15,"2021","6/16/21",4.95,NA,NA,NA,"UGA","AKB"
"Rcapito",338,NA,11,"2021","6/16/21",5.57,NA,NA,NA,"UGA","AKB"
"Rcapito",339,NA,17,"2021","6/16/21",4.86,NA,NA,NA,"UGA","AKB"
"Rcapito",340,NA,12,"2021","6/16/21",5.98,NA,NA,NA,"UGA","AKB"
"Rcapito",341,NA,7,"2021","6/16/21",5.21,NA,NA,NA,"UGA","AKB"
"Rcapito",342,NA,12,"2021","6/16/21",5.19,NA,NA,NA,"UGA","AKB"
"Rcapito",343,NA,12,"2021","6/16/21",4.92,NA,NA,NA,"UGA","AKB"
"Rcapito",344,NA,15,"2021","6/16/21",5.81,NA,NA,NA,"UGA","AKB"
"Rcapito",345,NA,17,"2021","6/16/21",4.41,NA,NA,NA,"UGA","AKB"
"Rcapito",346,NA,7,"2021","6/16/21",4.27,NA,NA,NA,"UGA","AKB"
"Rcapito",347,NA,1,"2021","6/16/21",5,NA,NA,NA,"UGA","AKB"
"Rcapito",348,NA,4,"2021","6/16/21",4.31,NA,NA,NA,"UGA","AKB"
"Rcapito",349,NA,7,"2021","6/16/21",4.61,NA,NA,NA,"UGA","AKB"
"Rcapito",350,NA,7,"2021","6/16/21",5.02,NA,NA,NA,"UGA","AKB"
"Rcapito",351,NA,1,"2021","6/16/21",4.94,NA,NA,NA,"UGA","AKB"
"Rcapito",352,NA,1,"2021","6/16/21",4.3,NA,NA,NA,"UGA","AKB"
"Rcapito",353,NA,1,"2021","6/16/21",4.5,NA,NA,NA,"UGA","AKB"
"Rcapito",354,NA,4,"2021","6/16/21",4.13,NA,NA,NA,"UGA","AKB"
"Rcapito",355,NA,7,"2021","6/16/21",4.41,NA,NA,NA,"UGA","AKB"
"Rcapito",356,NA,17,"2021","6/16/21",4.74,NA,NA,NA,"UGA","AKB"
"Rcapito",357,NA,15,"2021","6/16/21",6.01,NA,NA,NA,"UGA","AKB"
"Rcapito",358,NA,4,"2021","6/16/21",5.52,NA,NA,NA,"UGA","AKB"
"Rcapito",359,NA,1,"2021","6/16/21",5.44,NA,NA,NA,"UGA","AKB"
"Rcapito",360,NA,15,"2021","6/16/21",4.61,NA,NA,NA,"UGA","AKB"
"Rcapito",361,NA,1,"2021","6/16/21",4.54,NA,NA,NA,"UGA","AKB"
"Rcapito",362,NA,1,"2021","6/16/21",5.23,NA,NA,NA,"UGA","AKB"
"Rcapito",363,NA,11,"2021","6/16/21",4.56,NA,NA,NA,"UGA","AKB"
"Rcapito",364,NA,1,"2021","6/16/21",4.54,NA,NA,NA,"UGA","AKB"
"Rcapito",365,NA,9,"2021","6/16/21",6.99,NA,NA,NA,"UGA","AKB"
"Rcapito",366,NA,9,"2021","6/16/21",8.67,NA,NA,NA,"UGA","AKB"
"Rcapito",367,NA,16,"2021","6/16/21",5.36,NA,NA,NA,"UGA","AKB"
"Rcapito",368,NA,9,"2021","6/16/21",6.52,NA,NA,NA,"UGA","AKB"
"Rcapito",369,NA,16,"2021","6/16/21",5.33,NA,NA,NA,"UGA","AKB"
"Rcapito",370,NA,9,"2021","6/16/21",7.22,NA,NA,NA,"UGA","AKB"
"Rcapito",371,NA,12,"2021","6/16/21",5.26,NA,NA,NA,"UGA","AKB"
"Rcapito",372,NA,24,"2021","6/16/21",4.96,NA,NA,NA,"UGA","AKB"
"Rcapito",373,NA,5,"2021","6/16/21",5.84,NA,NA,NA,"UGA","AKB"
"Rcapito",374,NA,5,"2021","6/16/21",5.9,NA,NA,NA,"UGA","AKB"
"Rcapito",375,NA,5,"2021","6/16/21",5.44,NA,NA,NA,"UGA","AKB"
"Rcapito",376,NA,4,"2021","6/16/21",4.13,NA,NA,NA,"UGA","AKB"
"Rcapito",377,NA,16,"2021","6/16/21",5.15,NA,NA,NA,"UGA","AKB"
"Rcapito",378,NA,24,"2021","6/16/21",5.54,NA,NA,NA,"UGA","AKB"
"Rcapito",379,NA,17,"2021","6/16/21",5.45,NA,NA,NA,"UGA","AKB"
"Rcapito",380,NA,13,"2021","6/16/21",4.69,NA,NA,NA,"UGA","AKB"
"Rcapito",381,NA,9,"2021","6/16/21",6.66,NA,NA,NA,"UGA","AKB"
"Rcapito",382,NA,24,"2021","6/16/21",4.24,NA,"1 cm tail",NA,"UGA","AKB"
"Rcapito",383,NA,7,"2021","6/16/21",4.89,NA,NA,NA,"UGA","AKB"
"Rcapito",384,NA,19,"2021","6/16/21",4.09,NA,NA,NA,"UGA","AKB"
"Rcapito",385,NA,7,"2021","6/16/21",5.14,NA,NA,NA,"UGA","AKB"
"Rcapito",386,NA,19,"2021","6/16/21",4.53,NA,NA,NA,"UGA","AKB"
"Rcapito",387,NA,19,"2021","6/16/21",4.44,NA,NA,NA,"UGA","AKB"
"Rcapito",388,NA,19,"2021","6/16/21",4.09,NA,NA,NA,"UGA","AKB"
"Rcapito",389,NA,16,"2021","6/16/21",4.95,NA,NA,NA,"UGA","AKB"
"Rcapito",390,NA,20,"2021","6/16/21",5.26,NA,NA,NA,"UGA","AKB"
"Rcapito",391,NA,21,"2021","6/16/21",3.21,NA,NA,NA,"UGA","AKB"
"Rcapito",392,NA,8,"2021","6/18/21",4.9,NA,NA,NA,"UGA","AKB"
"Rcapito",393,NA,8,"2021","6/18/21",5.51,NA,NA,NA,"UGA","AKB"
"Rcapito",394,NA,4,"2021","6/18/21",4.47,NA,NA,NA,"UGA","AKB"
"Rcapito",395,NA,5,"2021","6/18/21",5.3,NA,NA,NA,"UGA","AKB"
"Rcapito",396,NA,17,"2021","6/18/21",4.95,NA,NA,NA,"UGA","AKB"
"Rcapito",397,NA,5,"2021","6/18/21",4.38,NA,NA,NA,"UGA","AKB"
"Rcapito",398,NA,5,"2021","6/18/21",7.09,NA,NA,NA,"UGA","AKB"
"Rcapito",399,NA,18,"2021","6/18/21",3.67,NA,NA,NA,"UGA","AKB"
"Rcapito",400,NA,19,"2021","6/18/21",3.77,NA,NA,NA,"UGA","AKB"
"Rcapito",401,NA,19,"2021","6/18/21",3.71,NA,NA,NA,"UGA","AKB"
"Rcapito",402,NA,19,"2021","6/18/21",3.75,NA,NA,NA,"UGA","AKB"
"Rcapito",403,NA,9,"2021","6/18/21",7.34,NA,NA,NA,"UGA","AKB"
"Rcapito",404,NA,24,"2021","6/18/21",5.08,NA,NA,NA,"UGA","AKB"
"Rcapito",405,NA,19,"2021","6/18/21",4.01,NA,NA,NA,"UGA","AKB"
"Rcapito",406,NA,19,"2021","6/18/21",4.19,NA,NA,NA,"UGA","AKB"
"Rcapito",407,NA,16,"2021","6/18/21",4.48,NA,NA,NA,"UGA","AKB"
"Rcapito",408,NA,20,"2021","6/18/21",4.52,NA,NA,NA,"UGA","AKB"
"Rcapito",409,NA,24,"2021","6/18/21",5.47,NA,NA,NA,"UGA","AKB"
"Rcapito",410,NA,14,"2021","6/18/21",5.82,NA,NA,NA,"UGA","AKB"
"Rcapito",411,NA,2,"2021","6/18/21",4.53,NA,NA,NA,"UGA","AKB"
"Rcapito",412,NA,2,"2021","6/18/21",3.89,NA,NA,NA,"UGA","AKB"
"Rcapito",413,NA,2,"2021","6/18/21",4.57,NA,NA,NA,"UGA","AKB"
"Rcapito",414,NA,2,"2021","6/18/21",5.3,NA,NA,NA,"UGA","AKB"
"Rcapito",415,NA,2,"2021","6/18/21",4.13,NA,NA,NA,"UGA","AKB"
"Rcapito",416,NA,2,"2021","6/18/21",5.18,NA,NA,NA,"UGA","AKB"
"Rcapito",417,NA,1,"2021","6/18/21",5.32,NA,NA,NA,"UGA","AKB"
"Rcapito",418,NA,5,"2021","6/18/21",6.1,NA,NA,NA,"UGA","AKB"
"Rcapito",419,NA,5,"2021","6/18/21",5.81,NA,NA,NA,"UGA","AKB"
"Rcapito",420,NA,9,"2021","6/18/21",7.35,NA,NA,NA,"UGA","AKB"
"Rcapito",421,NA,14,"2021","6/18/21",4.42,NA,NA,NA,"UGA","AKB"
"Rcapito",422,NA,17,"2021","6/18/21",5.49,NA,NA,NA,"UGA","AKB"
"Rcapito",423,NA,24,"2021","6/18/21",5.09,NA,NA,NA,"UGA","AKB"
"Rcapito",424,NA,24,"2021","6/18/21",6.15,NA,NA,NA,"UGA","AKB"
"Rcapito",425,NA,24,"2021","6/18/21",4.36,NA,NA,NA,"UGA","AKB"
"Rcapito",426,NA,18,"2021","6/18/21",5.48,NA,NA,NA,"UGA","AKB"
"Rcapito",427,NA,19,"2021","6/18/21",4.31,NA,NA,NA,"UGA","AKB"
"Rcapito",428,NA,20,"2021","6/18/21",4.51,NA,NA,NA,"UGA","AKB"
"Rcapito",429,NA,20,"2021","6/18/21",4.95,NA,NA,NA,"UGA","AKB"
"Rcapito",430,NA,19,"2021","6/18/21",5.3,NA,NA,NA,"UGA","AKB"
"Rcapito",431,NA,19,"2021","6/18/21",4.24,NA,NA,NA,"UGA","AKB"
"Rcapito",432,NA,19,"2021","6/18/21",4.82,NA,NA,NA,"UGA","AKB"
"Rcapito",433,NA,16,"2021","6/18/21",4.72,NA,NA,NA,"UGA","AKB"
"Rcapito",434,NA,13,"2021","6/18/21",4.59,NA,NA,NA,"UGA","AKB"
"Rcapito",435,NA,10,"2021","6/18/21",4.59,NA,NA,NA,"UGA","AKB"
"Rcapito",436,NA,11,"2021","6/18/21",4.88,NA,NA,NA,"UGA","AKB"
"Rcapito",437,NA,13,"2021","6/18/21",4.82,NA,NA,NA,"UGA","AKB"
"Rcapito",438,NA,10,"2021","6/18/21",4.62,NA,NA,NA,"UGA","AKB"
"Rcapito",439,NA,16,"2021","6/18/21",5.29,NA,NA,NA,"UGA","AKB"
"Rcapito",440,NA,16,"2021","6/18/21",6.08,NA,NA,NA,"UGA","AKB"
"Rcapito",441,NA,16,"2021","6/18/21",5.46,NA,NA,NA,"UGA","AKB"
"Rcapito",442,NA,1,"2021","6/18/21",5.37,NA,NA,NA,"UGA","AKB"
"Rcapito",443,NA,1,"2021","6/18/21",5.55,NA,"1 cm tail",NA,"UGA","AKB"
"Rcapito",444,NA,2,"2021","6/18/21",5.56,NA,NA,NA,"UGA","AKB"
"Rcapito",445,NA,1,"2021","6/18/21",3.94,NA,NA,NA,"UGA","AKB"
"Rcapito",446,NA,12,"2021","6/18/21",6.15,NA,"1 cm tail",NA,"UGA","AKB"
"Rcapito",447,NA,12,"2021","6/18/21",6.61,NA,"1 cm tail",NA,"UGA","AKB"
"Rcapito",448,NA,12,"2021","6/18/21",5.86,NA,NA,NA,"UGA","AKB"
"Rcapito",449,NA,13,"2021","6/18/21",3.92,NA,NA,NA,"UGA","AKB"
"Rcapito",450,NA,13,"2021","6/18/21",4.61,NA,NA,NA,"UGA","AKB"
"Rcapito",451,NA,4,"2021","6/18/21",3.67,NA,NA,NA,"UGA","AKB"
"Rcapito",452,NA,4,"2021","6/18/21",3.93,NA,NA,NA,"UGA","AKB"
"Rcapito",453,NA,4,"2021","6/18/21",3.99,NA,NA,NA,"UGA","AKB"
"Rcapito",454,NA,4,"2021","6/18/21",4.44,NA,NA,NA,"UGA","AKB"
"Rcapito",455,NA,8,"2021","6/18/21",5.89,NA,NA,NA,"UGA","AKB"
"Rcapito",456,NA,8,"2021","6/18/21",5.52,NA,NA,NA,"UGA","AKB"
"Rcapito",457,NA,8,"2021","6/18/21",5.5,NA,NA,NA,"UGA","AKB"
"Rcapito",458,NA,8,"2021","6/18/21",5.53,NA,NA,NA,"UGA","AKB"
"Rcapito",459,NA,8,"2021","6/18/21",5.48,NA,NA,NA,"UGA","AKB"
"Rcapito",460,NA,8,"2021","6/18/21",5.88,NA,NA,NA,"UGA","AKB"
"Rcapito",461,NA,4,"2021","6/18/21",4.08,NA,".5 cm tail",NA,"UGA","AKB"
"Rcapito",462,NA,4,"2021","6/18/21",4.21,NA,NA,NA,"UGA","AKB"
"Rcapito",463,NA,4,"2021","6/18/21",3.87,NA,NA,NA,"UGA","AKB"
"Rcapito",464,NA,4,"2021","6/18/21",3.59,NA,NA,NA,"UGA","AKB"
"Rcapito",465,NA,16,"2021","6/21/21",5.46,NA,NA,NA,"UGA","AKB"
"Rcapito",466,NA,8,"2021","6/21/21",5.42,NA,NA,NA,"UGA","AKB"
"Rcapito",467,NA,10,"2021","6/21/21",4.15,NA,NA,NA,"UGA","AKB"
"Rcapito",468,NA,10,"2021","6/21/21",3.69,NA,NA,NA,"UGA","AKB"
"Rcapito",469,NA,19,"2021","6/21/21",4.81,NA,NA,NA,"UGA","AKB"
"Rcapito",470,NA,16,"2021","6/21/21",4.8,NA,NA,NA,"UGA","AKB"
"Rcapito",471,NA,16,"2021","6/21/21",5.86,NA,NA,NA,"UGA","AKB"
"Rcapito",472,NA,16,"2021","6/21/21",4.96,NA,NA,NA,"UGA","AKB"
"Rcapito",473,NA,16,"2021","6/21/21",4.29,NA,NA,NA,"UGA","AKB"
"Rcapito",474,NA,8,"2021","6/21/21",5.37,NA,NA,NA,"UGA","AKB"
"Rcapito",475,NA,8,"2021","6/21/21",5.1,NA,NA,NA,"UGA","AKB"
"Rcapito",476,NA,19,"2021","6/21/21",4.96,NA,NA,NA,"UGA","AKB"
"Rcapito",477,NA,19,"2021","6/21/21",4.66,NA,NA,NA,"UGA","AKB"
"Rcapito",478,NA,16,"2021","6/21/21",4.35,NA,NA,NA,"UGA","AKB"
"Rcapito",479,NA,16,"2021","6/21/21",5.91,NA,NA,NA,"UGA","AKB"
"Rcapito",480,NA,3,"2021","6/21/21",3.95,NA,NA,NA,"UGA","AKB"
"Rcapito",481,NA,8,"2021","6/21/21",4.87,NA,NA,NA,"UGA","AKB"
"Rcapito",482,NA,10,"2021","6/21/21",3.87,NA,NA,NA,"UGA","AKB"
"Rcapito",483,NA,10,"2021","6/21/21",3.71,NA,NA,NA,"UGA","AKB"
"Rcapito",484,NA,19,"2021","6/21/21",4.18,NA,"1 cm tail",NA,"UGA","AKB"
"Rcapito",485,NA,10,"2021","6/21/21",4.33,NA,NA,NA,"UGA","AKB"
"Rcapito",486,NA,8,"2021","6/21/21",5.54,NA,NA,NA,"UGA","AKB"
"Rcapito",487,NA,8,"2021","6/21/21",5.87,NA,"1 cm tail",NA,"UGA","AKB"
"Rcapito",488,NA,19,"2021","6/21/21",5.71,NA,NA,NA,"UGA","AKB"
"Rcapito",489,NA,11,"2021","6/21/21",5.67,NA,NA,NA,"UGA","AKB"
"Rcapito",490,NA,11,"2021","6/21/21",5.27,NA,NA,NA,"UGA","AKB"
"Rcapito",491,NA,11,"2021","6/21/21",5.44,NA,NA,NA,"UGA","AKB"
"Rcapito",492,NA,10,"2021","6/21/21",4.35,NA,NA,NA,"UGA","AKB"
"Rcapito",493,NA,16,"2021","6/21/21",4.63,NA,NA,NA,"UGA","AKB"
"Rcapito",494,NA,16,"2021","6/21/21",7.01,NA,NA,NA,"UGA","AKB"
"Rcapito",495,NA,16,"2021","6/21/21",5.8,NA,NA,NA,"UGA","AKB"
"Rcapito",496,NA,3,"2021","6/21/21",4.27,NA,NA,NA,"UGA","AKB"
"Rcapito",497,NA,3,"2021","6/21/21",5.16,NA,"1 cm tail",NA,"UGA","AKB"
"Rcapito",498,NA,3,"2021","6/21/21",4.77,NA,NA,NA,"UGA","AKB"
"Rcapito",499,NA,3,"2021","6/21/21",4.75,NA,".5 cm tail",NA,"UGA","AKB"
"Rcapito",500,NA,10,"2021","6/21/21",3.59,NA,NA,NA,"UGA","AKB"
"Rcapito",501,NA,1,"2021","6/21/21",4.28,NA,NA,NA,"UGA","AKB"
"Rcapito",502,NA,19,"2021","6/21/21",4.52,NA,NA,NA,"UGA","AKB"
"Rcapito",503,NA,1,"2021","6/21/21",4.3,NA,NA,NA,"UGA","AKB"
"Rcapito",504,NA,14,"2021","6/21/21",5.2,NA,NA,NA,"UGA","AKB"
"Rcapito",505,NA,19,"2021","6/21/21",4.5,NA,NA,NA,"UGA","AKB"
"Rcapito",506,NA,13,"2021","6/21/21",5.33,NA,NA,NA,"UGA","AKB"
"Rcapito",507,NA,13,"2021","6/21/21",7.04,NA,NA,NA,"UGA","AKB"
"Rcapito",508,NA,14,"2021","6/21/21",3.96,NA,NA,NA,"UGA","AKB"
"Rcapito",509,NA,13,"2021","6/21/21",5.95,NA,"1 cm tail",NA,"UGA","AKB"
"Rcapito",510,NA,13,"2021","6/21/21",5.92,NA,NA,NA,"UGA","AKB"
"Rcapito",511,NA,13,"2021","6/21/21",5.08,NA,NA,NA,"UGA","AKB"
"Rcapito",512,NA,1,"2021","6/21/21",5.17,NA,NA,NA,"UGA","AKB"
"Rcapito",513,NA,1,"2021","6/21/21",5.22,NA,NA,NA,"UGA","AKB"
"Rcapito",514,NA,5,"2021","6/21/21",6.04,NA,NA,NA,"UGA","AKB"
"Rcapito",515,NA,5,"2021","6/21/21",5.71,NA,NA,NA,"UGA","AKB"
"Rcapito",516,NA,17,"2021","6/21/21",5,NA,NA,NA,"UGA","AKB"
"Rcapito",517,NA,24,"2021","6/21/21",5.48,NA,NA,NA,"UGA","AKB"
"Rcapito",518,NA,24,"2021","6/21/21",5.91,NA,NA,NA,"UGA","AKB"
"Rcapito",519,NA,17,"2021","6/21/21",5.47,NA,NA,NA,"UGA","AKB"
"Rcapito",520,NA,24,"2021","6/21/21",6.36,NA,NA,NA,"UGA","AKB"
"Rcapito",521,NA,15,"2021","6/21/21",6.68,NA,NA,NA,"UGA","AKB"
"Rcapito",522,NA,15,"2021","6/21/21",5.86,NA,NA,NA,"UGA","AKB"
"Rcapito",523,NA,15,"2021","6/21/21",7.41,NA,NA,NA,"UGA","AKB"
"Rcapito",524,NA,20,"2021","6/21/21",5.9,NA,NA,NA,"UGA","AKB"
"Rcapito",525,NA,12,"2021","6/21/21",8.01,NA,NA,NA,"UGA","AKB"
"Rcapito",526,NA,12,"2021","6/21/21",7,NA,"1.5 cm tail",NA,"UGA","AKB"
"Rcapito",527,NA,12,"2021","6/21/21",6.27,NA,NA,NA,"UGA","AKB"
"Rcapito",528,NA,20,"2021","6/21/21",6.57,NA,"1 cm tail",NA,"UGA","AKB"
"Rcapito",529,NA,12,"2021","6/21/21",6.16,NA,"1 cm tail",NA,"UGA","AKB"
"Rcapito",530,NA,20,"2021","6/21/21",6.08,NA,NA,NA,"UGA","AKB"
"Rcapito",531,NA,20,"2021","6/21/21",5.92,NA,NA,NA,"UGA","AKB"
"Rcapito",532,NA,20,"2021","6/21/21",6.22,NA,NA,NA,"UGA","AKB"
"Rcapito",533,NA,15,"2021","6/21/21",8.23,NA,NA,NA,"UGA","AKB"
"Rcapito",534,NA,7,"2021","6/21/21",6.47,NA,"1 cm tail",NA,"UGA","AKB"
"Rcapito",535,NA,24,"2021","6/21/21",6.31,NA,NA,NA,"UGA","AKB"
"Rcapito",536,NA,12,"2021","6/21/21",8.02,NA,".5 cm tail",NA,"UGA","AKB"
"Rcapito",537,NA,15,"2021","6/21/21",6.39,NA,NA,NA,"UGA","AKB"
"Rcapito",538,NA,15,"2021","6/21/21",7.08,NA,NA,NA,"UGA","AKB"
"Rcapito",539,NA,24,"2021","6/21/21",6.01,NA,"1 cm tail",NA,"UGA","AKB"
"Rcapito",540,NA,10,"2021","6/21/21",5.31,NA,NA,NA,"UGA","AKB"
"Rcapito",541,NA,2,"2021","6/21/21",5.15,NA,"1 cm tail",NA,"UGA","AKB"
"Rcapito",542,NA,2,"2021","6/21/21",4.08,NA,NA,NA,"UGA","AKB"
"Rcapito",543,NA,20,"2021","6/21/21",5.3,NA,NA,NA,"UGA","AKB"
"Rcapito",544,NA,20,"2021","6/21/21",4.17,NA,NA,NA,"UGA","AKB"
"Rcapito",545,NA,17,"2021","6/21/21",5.46,NA,NA,NA,"UGA","AKB"
"Rcapito",546,NA,7,"2021","6/21/21",5.42,NA,NA,NA,"UGA","AKB"
"Rcapito",547,NA,1,"2021","6/21/21",4.04,NA,NA,NA,"UGA","AKB"
"Rcapito",548,NA,20,"2021","6/21/21",3.65,NA,NA,NA,"UGA","AKB"
"Rcapito",549,NA,4,"2021","6/21/21",3.97,NA,".5 cm tail",NA,"UGA","AKB"
"Rcapito",550,NA,2,"2021","6/21/21",4.66,NA,NA,NA,"UGA","AKB"
"Rcapito",551,NA,4,"2021","6/21/21",4.48,NA,NA,NA,"UGA","AKB"
"Rcapito",552,NA,1,"2021","6/21/21",4.82,NA,NA,NA,"UGA","AKB"
"Rcapito",553,NA,15,"2021","6/21/21",5.82,NA,NA,NA,"UGA","AKB"
"Rcapito",554,NA,4,"2021","6/21/21",4.64,NA,"1 cm tail",NA,"UGA","AKB"
"Rcapito",555,NA,17,"2021","6/21/21",5.82,NA,".5 cm tail",NA,"UGA","AKB"
"Rcapito",556,NA,7,"2021","6/21/21",5.06,NA,NA,NA,"UGA","AKB"
"Rcapito",557,NA,7,"2021","6/21/21",5.81,NA,NA,NA,"UGA","AKB"
"Rcapito",558,NA,24,"2021","6/21/21",4.81,NA,NA,NA,"UGA","AKB"
"Rcapito",559,NA,20,"2021","6/21/21",5.42,NA,NA,NA,"UGA","AKB"
"Rcapito",560,NA,1,"2021","6/21/21",4.86,NA,NA,NA,"UGA","AKB"
"Rcapito",561,NA,20,"2021","6/21/21",5.48,NA,NA,NA,"UGA","AKB"
"Rcapito",562,NA,20,"2021","6/21/21",5.43,NA,NA,NA,"UGA","AKB"
"Rcapito",563,NA,7,"2021","6/21/21",3.93,NA,NA,NA,"UGA","AKB"
"Rcapito",564,NA,2,"2021","6/21/21",4.58,NA,NA,NA,"UGA","AKB"
"Rcapito",565,NA,1,"2021","6/21/21",4.88,NA,"1 cm tail",NA,"UGA","AKB"
"Rcapito",566,NA,6,"2021","6/21/21",4.62,NA,NA,NA,"UGA","AKB"
"Rcapito",567,NA,6,"2021","6/21/21",4.53,NA,NA,NA,"UGA","AKB"
"Rcapito",568,NA,1,"2021","6/21/21",3.69,NA,NA,NA,"UGA","AKB"
"Rcapito",569,NA,7,"2021","6/21/21",4.84,NA,NA,NA,"UGA","AKB"
"Rcapito",570,NA,2,"2021","6/21/21",4.41,NA,NA,NA,"UGA","AKB"
"Rcapito",571,NA,15,"2021","6/21/21",5.57,NA,NA,NA,"UGA","AKB"
"Rcapito",572,NA,2,"2021","6/21/21",4.35,NA,NA,NA,"UGA","AKB"
"Rcapito",573,NA,20,"2021","6/21/21",5.47,NA,NA,NA,"UGA","AKB"
"Rcapito",574,NA,21,"2021","6/21/21",3.05,NA,NA,NA,"UGA","AKB"
"Rcapito",575,NA,1,"2021","6/21/21",4.74,NA,NA,NA,"UGA","AKB"
