Animal ID,,tank/clutch,Year,Date stocked,Date.metamorphosed,Days to metamorphosis,Mass.g.metamorphosed,Mark,Fate.comments
Rcap-,1,1,2009,3/9/09,10-Jun,93,,,
Rcap-,2,1,2009,3/9/09,10-Jun,93,,,
Rcap-,3,1,2009,3/9/09,10-Jun,93,4.6,2100,Andy took blood
Rcap-,4,1,2009,3/9/09,10-Jun,93,4.34,2100,
Rcap-,5,1,2009,3/9/09,10-Jun,93,4.21,2100,
Rcap-,6,1,2009,3/9/09,10-Jun,93,2.8,2100,
Rcap-,7,1,2009,3/9/09,10-Jun,93,3.5,2100,Andy took blood
Rcap-,8,1,2009,3/9/09,10-Jun,93,2.89,2100,Andy took blood
Rcap-,9,3,2009,3/9/09,10-Jun,93,2.46,2100,
Rcap-,10,3,2009,3/9/09,10-Jun,93,4.3,2100,Andy took blood
Rcap-,11,3,2009,3/9/09,10-Jun,93,4.48,2100,Andy took blood
Rcap-,12,3,2009,3/9/09,10-Jun,93,3.31,2100,
Rcap-,13,3,2009,3/9/09,10-Jun,93,2.19,2100,
Rcap-,14,3,2009,3/9/09,10-Jun,93,4.92,2100,
Rcap-,15,1,2009,3/9/09,11-Jun,94,3.85,2100,
Rcap-,16,1,2009,3/9/09,11-Jun,94,4.93,2100,
Rcap-,17,1,2009,3/9/09,11-Jun,94,3.82,2100,
Rcap-,18,1,2009,3/9/09,11-Jun,94,4.64,2100,Andy took blood
Rcap-,19,2,2009,3/9/09,11-Jun,94,2.52,2100,
Rcap-,20,2,2009,3/9/09,11-Jun,94,2.4,2100,
Rcap-,21,3,2009,3/9/09,11-Jun,94,3.51,2100,
Rcap-,22,3,2009,3/9/09,11-Jun,94,4.54,2100,Andy took blood
Rcap-,23,3,2009,3/9/09,11-Jun,94,2.74,2100,Andy took blood
Rcap-,24,3,2009,3/9/09,11-Jun,94,3.45,2100,
Rcap-,25,3,2009,3/9/09,11-Jun,94,3.29,2100,
Rcap-,26,3,2009,3/9/09,11-Jun,94,2.92,2100,
Rcap-,27,3,2009,3/9/09,11-Jun,94,4.13,2100,
Rcap-,28,1,2009,3/9/09,12-Jun,95,4.24,2100,"Andy took blood, died after 24 h."
Rcap-,29,1,2009,3/9/09,12-Jun,95,3.28,2100,Andy took blood
Rcap-,30,2,2009,3/9/09,12-Jun,95,2.9,2100,
Rcap-,31,2,2009,3/9/09,12-Jun,95,2.38,2100,
Rcap-,32,2,2009,3/9/09,12-Jun,95,2.53,2100,
Rcap-,33,2,2009,3/9/09,12-Jun,95,2.5,2100,
Rcap-,34,3,2009,3/9/09,12-Jun,95,3.43,2100,Andy took blood - dead on 7/1 hemorrhage tissue on thigh
Rcap-,35,3,2009,3/9/09,12-Jun,95,3.34,2100,
Rcap-,36,3,2009,3/9/09,12-Jun,95,3.44,2100,
Rcap-,37,3,2009,3/9/09,12-Jun,95,3.57,2100,
Rcap-,38,3,2009,3/9/09,12-Jun,95,3.02,2100,Andy took blood
Rcap-,39,3,2009,3/9/09,12-Jun,95,4,2100,
Rcap-,49,1,2009,3/9/09,14-Jun,97,4.49,2100,Andy took blood
Rcap-,50,1,2009,3/9/09,14-Jun,97,3.88,2100,
Rcap-,51,1,2009,3/9/09,14-Jun,97,4.6,2100,
Rcap-,52,1,2009,3/9/09,14-Jun,97,3.94,2100,
Rcap-,53,1,2009,3/9/09,14-Jun,97,3.93,2100,Andy took blood - dead on 7/1 - pink butt hemorrhage on thigh) 
Rcap-,54,1,2009,3/9/09,14-Jun,97,4.01,2100,
Rcap-,58,1,2009,3/9/09,14-Jun,97,4.01,2100,
Rcap-,44,2,2009,3/9/09,14-Jun,97,2.9,2100,
Rcap-,45,2,2009,3/9/09,14-Jun,97,2.79,2100,
Rcap-,46,2,2009,3/9/09,14-Jun,97,2.52,2100,
Rcap-,47,2,2009,3/9/09,14-Jun,97,3.46,2100,
Rcap-,48,2,2009,3/9/09,14-Jun,97,3.13,2100,
Rcap-,40,3,2009,3/9/09,14-Jun,97,3.73,2100,Andy took blood
Rcap-,41,3,2009,3/9/09,14-Jun,97,3.51,2100,
Rcap-,42,3,2009,3/9/09,14-Jun,97,3.99,2100,Andy took blood
Rcap-,43,3,2009,3/9/09,14-Jun,97,3.59,2100,
Rcap-,69,1,2009,3/9/09,15-Jun,98,,2100,Found dead in tank 1-2 Decomp
Rcap-,70,1,2009,3/9/09,15-Jun,98,4.53,2100,
Rcap-,71,1,2009,3/9/09,15-Jun,98,3.71,2100,
Rcap-,72,1,2009,3/9/09,15-Jun,98,3.8,2100,
Rcap-,73,1,2009,3/9/09,15-Jun,98,3.34,2100,
Rcap-,74,1,2009,3/9/09,15-Jun,98,3.78,2100,
Rcap-,75,1,2009,3/9/09,15-Jun,98,4,2100,
Rcap-,76,1,2009,3/9/09,15-Jun,98,4.15,2100,
Rcap-,77,1,2009,3/9/09,15-Jun,98,5.11,2100,
Rcap-,78,1,2009,3/9/09,15-Jun,98,4.49,2100,
Rcap-,79,1,2009,3/9/09,15-Jun,98,4.42,2100,
Rcap-,80,1,2009,3/9/09,15-Jun,98,4.22,2100,
Rcap-,81,1,2009,3/9/09,15-Jun,98,4.56,2100,
Rcap-,82,1,2009,3/9/09,15-Jun,98,3.95,2100,
Rcap-,83,1,2009,3/9/09,15-Jun,98,4.35,2100,
Rcap-,59,2,2009,3/9/09,15-Jun,98,2.73,2100,
Rcap-,60,2,2009,3/9/09,15-Jun,98,3.25,2100,
Rcap-,61,2,2009,3/9/09,15-Jun,98,2.94,2100,
Rcap-,62,2,2009,3/9/09,15-Jun,98,3.29,2100,
Rcap-,63,2,2009,3/9/09,15-Jun,98,3.73,2100,
Rcap-,64,2,2009,3/9/09,15-Jun,98,3.18,2100,
Rcap-,65,2,2009,3/9/09,15-Jun,98,3.25,2100,
Rcap-,66,2,2009,3/9/09,15-Jun,98,2.96,2100,
Rcap-,67,2,2009,3/9/09,15-Jun,98,1.94,2100,
Rcap-,68,2,2009,3/9/09,15-Jun,98,2.16,2100,
Rcap-,55,3,2009,3/9/09,15-Jun,98,3.8,2100,
Rcap-,56,3,2009,3/9/09,15-Jun,98,4.62,2100,
Rcap-,57,3,2009,3/9/09,15-Jun,98,3.51,2100,
Rcap-,84,1,2009,3/9/09,16-Jun,99,,2100,Dead mostly decomp
Rcap-,85,1,2009,3/9/09,16-Jun,99,5.01,2100,
Rcap-,86,1,2009,3/9/09,16-Jun,99,,2100,
Rcap-,87,1,2009,3/9/09,16-Jun,99,4.92,2100,
Rcap-,88,1,2009,3/9/09,16-Jun,99,4.57,2100,
Rcap-,89,1,2009,3/9/09,16-Jun,99,,2100,
Rcap-,90,1,2009,3/9/09,16-Jun,99,4.6,2100,
Rcap-,91,1,2009,3/9/09,16-Jun,99,3.33,2100,
Rcap-,92,1,2009,3/9/09,16-Jun,99,4.25,2100,
Rcap-,93,1,2009,3/9/09,16-Jun,99,5.5,2100,
Rcap-,94,1,2009,3/9/09,16-Jun,99,3.72,2100,Andy took blood
Rcap-,95,1,2009,3/9/09,16-Jun,99,4.95,2100,
Rcap-,96,1,2009,3/9/09,16-Jun,99,4.1,2100,Andy took blood
Rcap-,97,2,2009,3/9/09,16-Jun,99,3.19,2100,
Rcap-,98,2,2009,3/9/09,16-Jun,99,2.8,2100,
Rcap-,99,2,2009,3/9/09,16-Jun,99,3.37,2100,
Rcap-,100,2,2009,3/9/09,16-Jun,99,3.33,2100,
Rcap-,101,2,2009,3/9/09,16-Jun,99,2.75,2100,
Rcap-,102,2,2009,3/9/09,16-Jun,99,3.53,2100,
Rcap-,103,2,2009,3/9/09,16-Jun,99,2.82,2100,
Rcap-,104,2,2009,3/9/09,16-Jun,99,2.74,2100,
Rcap-,105,2,2009,3/9/09,16-Jun,99,3.44,2100,
Rcap-,106,2,2009,3/9/09,16-Jun,99,3.03,2100,
Rcap-,107,2,2009,3/9/09,16-Jun,99,3.02,2100,
Rcap-,108,2,2009,3/9/09,16-Jun,99,3.02,2100,
Rcap-,109,2,2009,3/9/09,16-Jun,99,2.88,2100,
Rcap-,110,2,2009,3/9/09,16-Jun,99,3.3,2100,
Rcap-,111,2,2009,3/9/09,16-Jun,99,2.65,2100,
Rcap-,112,2,2009,3/9/09,16-Jun,99,3.22,2100,
Rcap-,113,2,2009,3/9/09,16-Jun,99,3.2,2100,
Rcap-,114,2,2009,3/9/09,16-Jun,99,3.11,2100,
Rcap-,115,2,2009,3/9/09,16-Jun,99,3.14,2100,
Rcap-,116,2,2009,3/9/09,16-Jun,99,2.72,2100,
Rcap-,117,2,2009,3/9/09,16-Jun,99,3.25,2100,
Rcap-,118,2,2009,3/9/09,16-Jun,99,3,2100,
Rcap-,119,2,2009,3/9/09,16-Jun,99,2.67,2100,
Rcap-,120,3,2009,3/9/09,16-Jun,99,4.42,2100,
Rcap-,121,3,2009,3/9/09,16-Jun,99,2.77,2100,
Rcap-,122,3,2009,3/9/09,16-Jun,99,3.66,2100,
Rcap-,123,3,2009,3/9/09,16-Jun,99,3.66,2100,
Rcap-,124,3,2009,3/9/09,16-Jun,99,4.1,2100,
Rcap-,125,3,2009,3/9/09,16-Jun,99,4.6,2100,
Rcap-,126,3,2009,3/9/09,16-Jun,99,3.16,2100,
Rcap-,127,3,2009,3/9/09,16-Jun,99,3.05,2100,
Rcap-,128,3,2009,3/9/09,16-Jun,99,3.46,2100,Andy took blood
Rcap-,129,3,2009,3/9/09,16-Jun,99,3.3,2100,
Rcap-,130,3,2009,3/9/09,16-Jun,99,3.67,2100,Andy took blood
Rcap-,131,3,2009,3/9/09,16-Jun,99,2.87,2100,
Rcap-,132,3,2009,3/9/09,16-Jun,99,3.64,2100,
Rcap-,133,3,2009,3/9/09,16-Jun,99,4.67,2100,
Rcap-,134,3,2009,3/9/09,16-Jun,99,3.25,2100,killed in action (clipping)
Rcap-,135,2,2009,3/9/09,17-Jun,100,,2100,found dead 1/2 tail resorbed
Rcap-,149,1,2009,3/9/09,18-Jun,101,3.91,2100,
Rcap-,150,1,2009,3/9/09,18-Jun,101,3.44,2100,Andy took blood
Rcap-,151,1,2009,3/9/09,18-Jun,101,4.25,2100,
Rcap-,152,1,2009,3/9/09,18-Jun,101,3.88,2100,"Andy took blood, dead 24 hours after blood draw"
Rcap-,153,1,2009,3/9/09,18-Jun,101,4.09,2100,
Rcap-,142,2,2009,3/9/09,18-Jun,101,2.31,2100,
Rcap-,143,2,2009,3/9/09,18-Jun,101,2.51,2100,
Rcap-,144,2,2009,3/9/09,18-Jun,101,2.65,2100,
Rcap-,145,2,2009,3/9/09,18-Jun,101,2.64,2100,
Rcap-,146,2,2009,3/9/09,18-Jun,101,2.16,2100,
Rcap-,147,2,2009,3/9/09,18-Jun,101,2.59,2100,
Rcap-,148,2,2009,3/9/09,18-Jun,101,3.18,2100,
Rcap-,136,3,2009,3/9/09,18-Jun,101,3.17,2100,Andy took blood
Rcap-,137,3,2009,3/9/09,18-Jun,101,3.85,2100,
Rcap-,138,3,2009,3/9/09,18-Jun,101,3.61,2100,
Rcap-,139,3,2009,3/9/09,18-Jun,101,3.74,2100,
Rcap-,140,3,2009,3/9/09,18-Jun,101,4.36,2100,
Rcap-,141,3,2009,3/9/09,18-Jun,101,3.93,2100,Andy took blood
Rcap-,154,2,2009,3/9/09,19-Jun,102,2.94,2100,
Rcap-,155,2,2009,3/9/09,19-Jun,102,2.75,2100,
Rcap-,156,2,2009,3/9/09,19-Jun,102,3.05,2100,
Rcap-,157,2,2009,3/9/09,19-Jun,102,3.38,2100,
Rcap-,158,2,2009,3/9/09,19-Jun,102,3.35,2100,
Rcap-,159,2,2009,3/9/09,19-Jun,102,2.93,2100,
Rcap-,160,2,2009,3/9/09,19-Jun,102,2.78,2100,
Rcap-,161,2,2009,3/9/09,19-Jun,102,2.69,2100,
Rcap-,162,3,2009,3/9/09,19-Jun,102,4.15,2100,
Rcap-,163,3,2009,3/9/09,19-Jun,102,3.29,2100,
Rcap-,164,3,2009,3/9/09,19-Jun,102,3.21,2100,
Rcap-,165,3,2009,3/9/09,19-Jun,102,3.62,2100,
Rcap-,166,3,2009,3/9/09,19-Jun,102,3.25,2100,
Rcap-,167,3,2009,3/9/09,19-Jun,102,2.96,2100,
Rcap-,168,3,2009,3/9/09,19-Jun,102,4.22,2100,
Rcap-,169,3,2009,3/9/09,19-Jun,102,3.17,2100,
Rcap-,170,1,2009,3/9/09,20-Jun,103,2.85,2100,Andy took blood
Rcap-,171,1,2009,3/9/09,20-Jun,103,2.94,2100,Andy took blood
Rcap-,185,2,2009,3/9/09,20-Jun,103,3.43,2100,
Rcap-,186,2,2009,3/9/09,20-Jun,103,2.71,2100,
Rcap-,187,2,2009,3/9/09,20-Jun,103,2.54,2100,
Rcap-,188,2,2009,3/9/09,20-Jun,103,2.19,2100,
Rcap-,189,2,2009,3/9/09,20-Jun,103,2.89,2100,
Rcap-,190,2,2009,3/9/09,20-Jun,103,2.3,2100,
Rcap-,191,2,2009,3/9/09,20-Jun,103,3.49,2100,
Rcap-,192,2,2009,3/9/09,20-Jun,103,2.73,2100,
Rcap-,193,2,2009,3/9/09,20-Jun,103,2.34,2100,
Rcap-,194,2,2009,3/9/09,20-Jun,103,2.39,2100,
Rcap-,195,2,2009,3/9/09,20-Jun,103,2.57,2100,
Rcap-,172,3,2009,3/9/09,20-Jun,103,4.15,2100,
Rcap-,173,3,2009,3/9/09,20-Jun,103,3.87,2100,
Rcap-,174,3,2009,3/9/09,20-Jun,103,2.87,2100,
Rcap-,175,3,2009,3/9/09,20-Jun,103,3.28,2100,
Rcap-,176,3,2009,3/9/09,20-Jun,103,3.12,2100,
Rcap-,177,3,2009,3/9/09,20-Jun,103,3.59,2100,
Rcap-,178,3,2009,3/9/09,20-Jun,103,2.68,2100,
Rcap-,179,3,2009,3/9/09,20-Jun,103,3.9,2100,
Rcap-,180,3,2009,3/9/09,20-Jun,103,3.08,2100,
Rcap-,181,3,2009,3/9/09,20-Jun,103,2.68,2100,Andy took blood/found dead 24hr past blood draw
Rcap-,182,3,2009,3/9/09,20-Jun,103,2.68,2100,
Rcap-,183,3,2009,3/9/09,20-Jun,103,4.1,2100,
Rcap-,184,3,2009,3/9/09,20-Jun,103,3,2100,Andy took blood
Rcap-,202,2,2009,3/9/09,22-Jun,105,2.91,2100,
Rcap-,203,2,2009,3/9/09,22-Jun,105,3.44,2100,
Rcap-,204,2,2009,3/9/09,22-Jun,105,2.25,2100,
Rcap-,205,2,2009,3/9/09,22-Jun,105,1.95,2100,
Rcap-,206,2,2009,3/9/09,22-Jun,105,3,2100,
Rcap-,207,2,2009,3/9/09,22-Jun,105,2.08,2100,
Rcap-,208,2,2009,3/9/09,22-Jun,105,2.63,2100,
Rcap-,209,2,2009,3/9/09,22-Jun,105,2.45,2100,
Rcap-,210,2,2009,3/9/09,22-Jun,105,,2100,"found dead, fully, freshly transformed - preserved for SCWDS"
Rcap-,211,2,2009,3/9/09,22-Jun,105,,2100,"found dead, fully, transformed - preserved for SCWDS"
Rcap-,212,2,2009,3/9/09,22-Jun,105,,2100,metamorphosed abnormal - preserved for SCWDS
Rcap-,213,2,2009,3/9/09,22-Jun,105,,2100,metamorphosed abnormal - preserved for SCWDS
Rcap-,214,2,2009,3/9/09,22-Jun,105,,2100,metamorphosed abnormal - preserved for SCWDS
Rcap-,196,3,2009,3/9/09,22-Jun,105,4.41,2100,
Rcap-,197,3,2009,3/9/09,22-Jun,105,3.02,2100,
Rcap-,198,3,2009,3/9/09,22-Jun,105,3.97,2100,
Rcap-,199,3,2009,3/9/09,22-Jun,105,3.98,2100,
Rcap-,200,3,2009,3/9/09,22-Jun,105,2.85,2100,
Rcap-,201,3,2009,3/9/09,22-Jun,105,3.44,2100,
Rcap-,216,1,2009,3/9/09,23-Jun,106,3.91,2100,Andy took blood
Rcap-,217,1,2009,3/9/09,23-Jun,106,3.25,2100,
Rcap-,218,1,2009,3/9/09,23-Jun,106,2.53,2100,
Rcap-,219,1,2009,3/9/09,23-Jun,106,2.65,2100,Andy took blood
Rcap-,215,2,2009,3/9/09,23-Jun,106,,2100,"found floating, abnormal gularr and spinal morphology"
Rcap-,220,3,2009,3/9/09,23-Jun,106,4.22,2100,
Rcap-,221,3,2009,3/9/09,23-Jun,106,2.79,2100,Andy took blood
Rcap-,222,3,2009,3/9/09,23-Jun,106,3.78,2100,Andy took blood / dead 24 hours past blood draw
Rcap-,223,1,2009,3/9/09,24-Jun,107,2.18,2100,
Rcap-,224,1,2009,3/9/09,24-Jun,107,3.42,2100,
Rcap-,225,1,2009,3/9/09,24-Jun,107,2.23,2100,
Rcap-,226,1,2009,3/9/09,26-Jun,109,2.63,2100,Andy took blood
Rcap-,227,2,2009,3/9/09,26-Jun,109,2.13,2100,
Rcap-,228,2,2009,3/9/09,26-Jun,109,2.35,2100,
Rcap-,229,2,2009,3/9/09,26-Jun,109,2.55,2100,
Rcap-,230,2,2009,3/9/09,26-Jun,109,2.11,2100,
Rcap-,231,2,2009,3/9/09,26-Jun,109,3.06,2100,
Rcap-,232,3,2009,3/9/09,26-Jun,109,3.32,2100,
Rcap-,233,3,2009,3/9/09,26-Jun,109,3.11,2100,Andy took blood
Rcap-,234,3,2009,3/9/09,26-Jun,109,2.75,2100,Andy took blood
Rcap-,235,3,2009,3/9/09,26-Jun,109,3.92,2100,
Rcap-,236,2,2009,3/9/09,27-Jun,110,2.45,2100,blood work - survived to release
Rcap-,237,2,2009,3/9/09,27-Jun,110,1.95,2100,blood work - survived to release
Rcap-,238,2,2009,3/9/09,27-Jun,110,2.46,2100,malformation at rear right foot - survived to release
Rcap-,239,2,2009,3/9/09,27-Jun,110,2.32,2100,tail nub when weighed - survived to release
Rcap-,240,2,2009,3/9/09,27-Jun,110,2.41,2100,
Rcap-,241,3,2009,3/9/09,27-Jun,110,2.41,2100,
Rcap-,248,1,2009,3/9/09,28-Jun,111,2.14,2100,Andy took blood
Rcap-,249,2,2009,3/9/09,28-Jun,111,2.28,2100,
Rcap-,242,3,2009,3/9/09,28-Jun,111,,2100,"found dead, fully morphed"
Rcap-,243,3,2009,3/9/09,28-Jun,111,3.37,2100,Andy took blood
Rcap-,244,3,2009,3/9/09,28-Jun,111,2.91,2100,"Andy took blood, failed"
Rcap-,245,3,2009,3/9/09,28-Jun,111,2.88,2100,Andy took blood
Rcap-,246,3,2009,3/9/09,28-Jun,111,2.9,2100,
Rcap-,247,3,2009,3/9/09,28-Jun,111,2.68,2100,
Rcap-,252,1,2009,3/9/09,29-Jun,112,4.61,2100,
Rcap-,253,1,2009,3/9/09,29-Jun,112,3.26,2100,
Rcap-,250,3,2009,3/9/09,29-Jun,112,2.55,2100,
Rcap-,251,3,2009,3/9/09,29-Jun,112,,2100,no frog in contained 7/1
Rcap-,257,1,2009,3/9/09,30-Jun,113,2.9,2100,tail nub
Rcap-,255,2,2009,3/9/09,30-Jun,113,2.31,2100,tail nub
Rcap-,256,2,2009,3/9/09,30-Jun,113,1.98,2100,
Rcap-,254,3,2009,3/9/09,30-Jun,113,3.45,2100,partial tail
Rcap-,262,1,2009,3/9/09,1-Jul,114,2.86,2100,"forelimbs emerged, one half tail"
Rcap-,258,3,2009,3/9/09,1-Jul,114,3.31,2100,forelimbs emerged but full tail
Rcap-,259,3,2009,3/9/09,1-Jul,114,2.98,2100,forelimbs emerged but full tail
Rcap-,260,3,2009,3/9/09,1-Jul,114,3.06,2100,forelimbs emerged but full tail
Rcap-,261,3,2009,3/9/09,1-Jul,114,3.3,2100,forelimbs emerged but full tail
Rcap-,269,2,2009,3/9/09,3-Jul,116,2.7,2100,
Rcap-,270,3,2009,3/9/09,3-Jul,116,3.01,2100,
Rcap-,271,3,2009,3/9/09,6-Jul,119,2.87,2100,
Rcap-,272,1,2009,3/9/09,7-Jul,120,3.17,2100,
Rcap-,273,3,2009,3/9/09,7-Jul,120,3.36,2100,
Rcap-,275,2,2009,3/9/09,8-Jul,121,2.09,2100,
Rcap-,274,3,2009,3/9/09,8-Jul,121,2.93,2100,
Rcap-,282,1,2009,3/9/09,9-Jul,122,3.63,2100,
Rcap-,283,1,2009,3/9/09,9-Jul,122,3.14,2100,
Rcap-,284,1,2009,3/9/09,9-Jul,122,3.22,2100,
Rcap-,279,2,2009,3/9/09,9-Jul,122,2.16,2100,
Rcap-,280,2,2009,3/9/09,9-Jul,122,2.07,2100,
Rcap-,281,2,2009,3/9/09,9-Jul,122,2.33,2100,
Rcap-,276,3,2009,3/9/09,9-Jul,122,3.09,2100,
Rcap-,277,3,2009,3/9/09,9-Jul,122,3.19,2100,
Rcap-,278,3,2009,3/9/09,9-Jul,122,3.37,2100,
Rcap-,285,2,2009,3/9/09,13-Jul,126,2.19,2100,
Rcap-,286,3,2009,3/9/09,15-Jul,128,2.87,2100,
Rcap-,288,2,2009,3/9/09,16-Jul,129,2.61,2100,
Rcap-,287,3,2009,3/9/09,16-Jul,129,3,2100,
Rcap-,289,2,2009,3/9/09,19-Jul,132,2.5,2100,
,,,,,,103,3.28,,
,,,,,,132,5.5,,
,,,,,,93,1.94,,
Rcap-,290,8,2010,4-Mar,31-May,88,3.62,2200,
Rcap-,291,8,2010,4-Mar,31-May,88,4.4,2200,
Rcap-,292,8,2010,4-Mar,31-May,88,3.45,2200,
Rcap-,293,8,2010,4-Mar,31-May,88,3.53,2200,
Rcap-,294,8,2010,4-Mar,31-May,88,3,2200,
Rcap-,295,8,2010,4-Mar,2-Jun,90,4.52,2200,
Rcap-,296,8,2010,4-Mar,2-Jun,90,3.52,2200,
Rcap-,297,8,2010,4-Mar,2-Jun,90,3.09,2200,
Rcap-,298,8,2010,4-Mar,2-Jun,90,3.43,2200,
Rcap-,299,8,2010,4-Mar,2-Jun,90,3.53,2200,
Rcap-,300,8,2010,4-Mar,2-Jun,90,3.43,2200,
Rcap-,301,8,2010,4-Mar,2-Jun,90,3.93,2200,
Rcap-,302,8,2010,4-Mar,2-Jun,90,3.88,2200,
Rcap-,303,8,2010,4-Mar,2-Jun,90,2.95,2200,
Rcap-,304,8,2010,4-Mar,2-Jun,90,4.37,2200,
Rcap-,305,8,2010,4-Mar,2-Jun,90,3.78,2200,
Rcap-,306,8,2010,4-Mar,2-Jun,90,3.09,2200,
Rcap-,307,8,2010,4-Mar,2-Jun,90,3.82,2200,
Rcap-,308,8,2010,4-Mar,2-Jun,90,2.95,2200,
Rcap-,309,8,2010,4-Mar,3-Jun,91,3.88,2200,
Rcap-,310,8,2010,4-Mar,3-Jun,91,4.06,2200,
Rcap-,311,8,2010,4-Mar,3-Jun,91,,,died while in lab on June 14
Rcap-,312,8,2010,4-Mar,3-Jun,91,3.63,2200,
Rcap-,313,8,2010,4-Mar,3-Jun,91,,,died while in the lab on June 16
Rcap-,314,8,2010,4-Mar,3-Jun,91,,,died while in the lab on June 13
Rcap-,315,8,2010,4-Mar,3-Jun,91,,,died while in the lab on June 13
Rcap-,316,8,2010,4-Mar,3-Jun,91,3.23,2200,
Rcap-,317,8,2010,4-Mar,3-Jun,91,,,died while in the lab on June 9
Rcap-,318,8,2010,4-Mar,3-Jun,91,,,died while in the lab on June 9
Rcap-,319,8,2010,4-Mar,3-Jun,91,,,died while in the lab on June 9
Rcap-,320,8,2010,4-Mar,3-Jun,91,3.41,2200,
Rcap-,321,8,2010,4-Mar,3-Jun,91,,2200,
Rcap-,322,5,2010,4-Mar,3-Jun,91,4.1,2200,
Rcap-,323,5,2010,4-Mar,3-Jun,91,4.13,2200,
Rcap-,324,5,2010,4-Mar,3-Jun,91,4.6,2200,
Rcap-,325,5,2010,4-Mar,3-Jun,91,3.06,2200,
Rcap-,326,5,2010,4-Mar,3-Jun,91,4.67,2200,
Rcap-,327,5,2010,4-Mar,3-Jun,91,4.06,2200,
Rcap-,328,5,2010,4-Mar,3-Jun,91,4.24,2200,
Rcap-,329,5,2010,4-Mar,3-Jun,91,3.24,2200,
Rcap-,330,5,2010,4-Mar,3-Jun,91,3.66,2200,
Rcap-,331,6,2010,4-Mar,3-Jun,91,4.36,2200,
Rcap-,332,6,2010,4-Mar,3-Jun,91,,,died while in the lab on June 9
Rcap-,333,6,2010,4-Mar,3-Jun,91,3.85,2200,
Rcap-,334,6,2010,4-Mar,3-Jun,91,4.81,2200,
Rcap-,335,6,2010,4-Mar,3-Jun,91,4.53,2200,
Rcap-,336,6,2010,4-Mar,3-Jun,91,4.02,2200,
Rcap-,337,6,2010,4-Mar,3-Jun,91,4.48,2200,
Rcap-,338,6,2010,4-Mar,3-Jun,91,3.79,2200,
Rcap-,339,5,2010,4-Mar,4-Jun,92,4.17,2200,
Rcap-,340,5,2010,4-Mar,4-Jun,92,4.23,2200,
Rcap-,341,5,2010,4-Mar,4-Jun,92,4.41,2200,
Rcap-,342,5,2010,4-Mar,4-Jun,92,4.79,2200,
Rcap-,343,5,2010,4-Mar,4-Jun,92,3.88,2200,
Rcap-,344,5,2010,4-Mar,4-Jun,92,3.62,2200,
Rcap-,345,7,2010,4-Mar,4-Jun,92,5.09,2200,
Rcap-,346,7,2010,4-Mar,4-Jun,92,4.28,2200,
Rcap-,347,7,2010,4-Mar,4-Jun,92,3.58,2200,
Rcap-,348,8,2010,4-Mar,4-Jun,92,3.79,2200,
Rcap-,349,8,2010,4-Mar,4-Jun,92,3.21,2200,
Rcap-,350,8,2010,4-Mar,4-Jun,92,4.07,2200,
Rcap-,351,8,2010,4-Mar,4-Jun,92,3.36,2200,
Rcap-,352,8,2010,4-Mar,4-Jun,92,3.73,2200,
Rcap-,353,9,2010,4-Mar,4-Jun,92,,,dead in tank
Rcap-,354,9,2010,4-Mar,4-Jun,92,,,dead in tank
Rcap-,355,9,2010,4-Mar,4-Jun,92,4.04,2200,
Rcap-,356,9,2010,4-Mar,4-Jun,92,3.65,2200,
Rcap-,357,9,2010,4-Mar,4-Jun,92,3.05,2200,
Rcap-,358,9,2010,4-Mar,4-Jun,92,4.55,2200,
Rcap-,359,9,2010,4-Mar,4-Jun,92,4.32,2200,
Rcap-,360,9,2010,4-Mar,4-Jun,92,4.01,2200,
Rcap-,361,9,2010,4-Mar,4-Jun,92,4,2200,
Rcap-,362,5,2010,4-Mar,6-Jun,94,4.52,2200,
Rcap-,363,5,2010,4-Mar,6-Jun,94,3.7,2200,
Rcap-,364,5,2010,4-Mar,6-Jun,94,4.05,2200,
Rcap-,365,5,2010,4-Mar,6-Jun,94,3.51,2200,
Rcap-,366,5,2010,4-Mar,6-Jun,94,3.52,2200,
Rcap-,367,5,2010,4-Mar,6-Jun,94,3.94,2200,
Rcap-,368,5,2010,4-Mar,6-Jun,94,4.33,2200,
Rcap-,369,5,2010,4-Mar,6-Jun,94,3.8,2200,
Rcap-,370,5,2010,4-Mar,6-Jun,94,3.87,2200,
Rcap-,371,5,2010,4-Mar,6-Jun,94,3.22,2200,
Rcap-,372,6,2010,4-Mar,6-Jun,94,5.52,2200,
Rcap-,373,6,2010,4-Mar,6-Jun,94,4.56,2200,
Rcap-,374,6,2010,4-Mar,6-Jun,94,4.35,2200,
Rcap-,375,6,2010,4-Mar,6-Jun,94,4.11,2200,
Rcap-,376,6,2010,4-Mar,6-Jun,94,5.09,2200,
Rcap-,377,6,2010,4-Mar,6-Jun,94,5.41,2200,
Rcap-,378,6,2010,4-Mar,6-Jun,94,5.49,2200,
Rcap-,379,6,2010,4-Mar,6-Jun,94,3.81,2200,
Rcap-,380,6,2010,4-Mar,6-Jun,94,5.62,2200,
Rcap-,381,6,2010,4-Mar,6-Jun,94,6.28,2200,
Rcap-,382,6,2010,4-Mar,6-Jun,94,5.33,2200,
Rcap-,383,6,2010,4-Mar,6-Jun,94,5.43,2200,
Rcap-,384,6,2010,4-Mar,6-Jun,94,4.6,2200,
Rcap-,385,6,2010,4-Mar,6-Jun,94,5.99,2200,
Rcap-,386,6,2010,4-Mar,6-Jun,94,6.91,2200,
Rcap-,387,6,2010,4-Mar,6-Jun,94,5.25,2200,
Rcap-,388,6,2010,4-Mar,6-Jun,94,4.61,2200,
Rcap-,389,7,2010,4-Mar,6-Jun,94,5,2200,
Rcap-,390,7,2010,4-Mar,6-Jun,94,3.69,2200,
Rcap-,391,7,2010,4-Mar,6-Jun,94,3.53,2200,
Rcap-,392,7,2010,4-Mar,6-Jun,94,4.03,2200,
Rcap-,393,7,2010,4-Mar,6-Jun,94,4.08,2200,
Rcap-,394,7,2010,4-Mar,6-Jun,94,3.43,2200,
Rcap-,395,7,2010,4-Mar,6-Jun,94,4.3,2200,
Rcap-,396,7,2010,4-Mar,6-Jun,94,4.52,2200,
Rcap-,397,7,2010,4-Mar,6-Jun,94,4.31,2200,
Rcap-,398,7,2010,4-Mar,6-Jun,94,4.7,2200,
Rcap-,399,7,2010,4-Mar,6-Jun,94,4.56,2200,
Rcap-,400,7,2010,4-Mar,6-Jun,94,3.83,2200,
Rcap-,401,7,2010,4-Mar,6-Jun,94,4.2,2200,
Rcap-,402,7,2010,4-Mar,6-Jun,94,4.42,2200,
Rcap-,403,7,2010,4-Mar,6-Jun,94,3.52,2200,
Rcap-,404,7,2010,4-Mar,6-Jun,94,4.2,2200,
Rcap-,405,8,2010,4-Mar,6-Jun,94,3.81,2200,
Rcap-,406,8,2010,4-Mar,6-Jun,94,2.39,2200,
Rcap-,407,8,2010,4-Mar,6-Jun,94,3.16,2200,
Rcap-,408,8,2010,4-Mar,6-Jun,94,3.27,2200,
Rcap-,409,8,2010,4-Mar,6-Jun,94,3.19,2200,
Rcap-,410,8,2010,4-Mar,6-Jun,94,3.79,2200,
Rcap-,411,8,2010,4-Mar,6-Jun,94,3.36,2200,
Rcap-,412,8,2010,4-Mar,6-Jun,94,3.77,2200,
Rcap-,413,8,2010,4-Mar,6-Jun,94,4.06,2200,
Rcap-,414,8,2010,4-Mar,6-Jun,94,3.97,2200,
Rcap-,415,8,2010,4-Mar,6-Jun,94,3.03,2200,
Rcap-,416,8,2010,4-Mar,6-Jun,94,3.43,2200,
Rcap-,417,8,2010,4-Mar,6-Jun,94,3.42,2200,
Rcap-,418,8,2010,4-Mar,6-Jun,94,3.77,2200,
Rcap-,419,8,2010,4-Mar,6-Jun,94,3.67,2200,
Rcap-,420,9,2010,4-Mar,6-Jun,94,3.64,2200,
Rcap-,421,9,2010,4-Mar,6-Jun,94,4.26,2200,
Rcap-,422,9,2010,4-Mar,6-Jun,94,3.93,2200,
Rcap-,423,9,2010,4-Mar,6-Jun,94,3.7,2200,
Rcap-,424,9,2010,4-Mar,6-Jun,94,,2200,
Rcap-,425,5,2010,4-Mar,7-Jun,95,3.97,2200,
Rcap-,426,5,2010,4-Mar,7-Jun,95,4.75,2200,
Rcap-,427,5,2010,4-Mar,7-Jun,95,3.73,2200,
Rcap-,428,5,2010,4-Mar,7-Jun,95,4.28,2200,
Rcap-,429,6,2010,4-Mar,7-Jun,95,5.34,2200,
Rcap-,430,6,2010,4-Mar,7-Jun,95,4.37,2200,
Rcap-,431,6,2010,4-Mar,7-Jun,95,6.29,2200,
Rcap-,432,6,2010,4-Mar,7-Jun,95,5.79,2200,
Rcap-,433,6,2010,4-Mar,7-Jun,95,5.79,2200,
Rcap-,434,6,2010,4-Mar,7-Jun,95,5.1,2200,
Rcap-,435,6,2010,4-Mar,7-Jun,95,5.94,2200,
Rcap-,436,6,2010,4-Mar,7-Jun,95,5.69,2200,
Rcap-,437,6,2010,4-Mar,7-Jun,95,5.12,2200,
Rcap-,438,6,2010,4-Mar,7-Jun,95,5.51,2200,
Rcap-,439,6,2010,4-Mar,7-Jun,95,5.15,2200,
Rcap-,440,6,2010,4-Mar,7-Jun,95,6.78,2200,
Rcap-,441,6,2010,4-Mar,7-Jun,95,5.33,2200,
Rcap-,442,6,2010,4-Mar,7-Jun,95,4.91,2200,
Rcap-,443,6,2010,4-Mar,7-Jun,95,5.85,2200,
Rcap-,444,6,2010,4-Mar,7-Jun,95,4.5,2200,
Rcap-,445,6,2010,4-Mar,7-Jun,95,4.35,2200,
Rcap-,446,6,2010,4-Mar,7-Jun,95,5.67,2200,
Rcap-,447,6,2010,4-Mar,7-Jun,95,4.47,2200,
Rcap-,448,6,2010,4-Mar,7-Jun,95,6.21,2200,
Rcap-,449,6,2010,4-Mar,7-Jun,95,5.57,2200,
Rcap-,450,6,2010,4-Mar,7-Jun,95,6.18,2200,
Rcap-,451,6,2010,4-Mar,7-Jun,95,4.34,2200,
Rcap-,452,6,2010,4-Mar,7-Jun,95,5.31,2200,
Rcap-,453,6,2010,4-Mar,7-Jun,95,5.18,2200,
Rcap-,454,6,2010,4-Mar,7-Jun,95,5.34,2200,
Rcap-,455,7,2010,4-Mar,7-Jun,95,4.36,2200,
Rcap-,456,7,2010,4-Mar,7-Jun,95,4.4,2200,
Rcap-,457,7,2010,4-Mar,7-Jun,95,3.88,2200,
Rcap-,458,7,2010,4-Mar,7-Jun,95,4.3,2200,
Rcap-,459,7,2010,4-Mar,7-Jun,95,4.63,2200,
Rcap-,460,7,2010,4-Mar,7-Jun,95,3.43,2200,
Rcap-,461,7,2010,4-Mar,7-Jun,95,3.55,2200,
Rcap-,462,7,2010,4-Mar,7-Jun,95,,2200,
Rcap-,463,7,2010,4-Mar,7-Jun,95,5.26,2200,
Rcap-,464,7,2010,4-Mar,7-Jun,95,3.81,2200,
Rcap-,465,7,2010,4-Mar,7-Jun,95,3.6,2200,
Rcap-,466,7,2010,4-Mar,7-Jun,95,3.87,2200,
Rcap-,467,7,2010,4-Mar,7-Jun,95,4.14,2200,
Rcap-,468,7,2010,4-Mar,7-Jun,95,4,2200,
Rcap-,469,7,2010,4-Mar,7-Jun,95,3.49,2200,
Rcap-,470,7,2010,4-Mar,7-Jun,95,4.52,2200,
Rcap-,471,7,2010,4-Mar,7-Jun,95,3.67,2200,
Rcap-,472,7,2010,4-Mar,7-Jun,95,4.55,2200,
Rcap-,473,7,2010,4-Mar,7-Jun,95,4.19,2200,
Rcap-,474,7,2010,4-Mar,7-Jun,95,4.35,2200,
Rcap-,475,7,2010,4-Mar,7-Jun,95,4.73,2200,
Rcap-,476,7,2010,4-Mar,7-Jun,95,3.22,2200,
Rcap-,477,7,2010,4-Mar,7-Jun,95,3.8,2200,
Rcap-,478,7,2010,4-Mar,7-Jun,95,3.84,2200,
Rcap-,479,7,2010,4-Mar,7-Jun,95,4.44,2200,
Rcap-,480,9,2010,4-Mar,7-Jun,95,3.43,2200,
Rcap-,481,9,2010,4-Mar,7-Jun,95,5.03,2200,
Rcap-,482,9,2010,4-Mar,7-Jun,95,4.37,2200,
Rcap-,483,9,2010,4-Mar,7-Jun,95,4.06,2200,
Rcap-,484,9,2010,4-Mar,7-Jun,95,3.64,2200,
Rcap-,485,9,2010,4-Mar,7-Jun,95,4.34,2200,
Rcap-,486,9,2010,4-Mar,7-Jun,95,4.49,2200,
Rcap-,487,9,2010,4-Mar,7-Jun,95,4.34,2200,
Rcap-,488,9,2010,4-Mar,7-Jun,95,4.9,2200,
Rcap-,489,9,2010,4-Mar,7-Jun,95,3.93,2200,
Rcap-,490,9,2010,4-Mar,7-Jun,95,3.66,2200,
Rcap-,491,9,2010,4-Mar,7-Jun,95,4.45,2200,
Rcap-,492,9,2010,4-Mar,7-Jun,95,4.09,2200,
Rcap-,493,9,2010,4-Mar,7-Jun,95,4.26,2200,
Rcap-,494,9,2010,4-Mar,7-Jun,95,4.72,2200,
Rcap-,495,9,2010,4-Mar,7-Jun,95,3.69,2200,
Rcap-,496,9,2010,4-Mar,7-Jun,95,4.25,2200,
Rcap-,497,9,2010,4-Mar,7-Jun,95,4.66,2200,
Rcap-,498,9,2010,4-Mar,7-Jun,95,3.75,2200,
Rcap-,499,9,2010,4-Mar,7-Jun,95,4.65,2200,
Rcap-,500,9,2010,4-Mar,7-Jun,95,,,Dead in tank
Rcap-,501,9,2010,4-Mar,7-Jun,95,,,Dead in tank
Rcap-,502,9,2010,4-Mar,7-Jun,95,,,Dead in tank
Rcap-,503,9,2010,4-Mar,7-Jun,95,,,Dead in tank
Rcap-,504,9,2010,4-Mar,7-Jun,95,,,Dead in tank
Rcap-,505,9,2010,4-Mar,7-Jun,95,,,Dead in tank
Rcap-,506,8,2010,4-Mar,7-Jun,95,,2200,
Rcap-,507,8,2010,4-Mar,7-Jun,95,3.32,2200,
Rcap-,508,8,2010,4-Mar,7-Jun,95,3.67,2200,
Rcap-,509,8,2010,4-Mar,7-Jun,95,3.2,2200,
Rcap-,510,8,2010,4-Mar,7-Jun,95,3.35,2200,
Rcap-,511,8,2010,4-Mar,7-Jun,95,3.83,2200,
Rcap-,512,8,2010,4-Mar,7-Jun,95,4.08,2200,
Rcap-,513,8,2010,4-Mar,7-Jun,95,3.7,2200,
Rcap-,514,8,2010,4-Mar,7-Jun,95,3.19,2200,
Rcap-,515,8,2010,4-Mar,7-Jun,95,2.69,2200,
Rcap-,516,8,2010,4-Mar,7-Jun,95,4.33,2200,
Rcap-,517,8,2010,4-Mar,7-Jun,95,3.59,2200,
Rcap-,518,8,2010,4-Mar,7-Jun,95,3.65,2200,
Rcap-,519,8,2010,4-Mar,7-Jun,95,3.37,2200,
Rcap-,520,8,2010,4-Mar,7-Jun,95,3.56,2200,
Rcap-,521,8,2010,4-Mar,7-Jun,95,2.59,2200,
Rcap-,522,8,2010,4-Mar,7-Jun,95,3.89,2200,
Rcap-,523,8,2010,4-Mar,7-Jun,95,3.06,2200,
Rcap-,524,8,2010,4-Mar,7-Jun,95,3.66,2200,
Rcap-,525,8,2010,4-Mar,7-Jun,95,4.01,2200,
Rcap-,526,10,2010,,7-Jun,,3.3,2200,
Rcap-,527,10,2010,,7-Jun,,3.37,2200,
Rcap-,528,10,2010,,7-Jun,,3.91,2200,
Rcap-,529,10,2010,,7-Jun,,3.11,2200,
Rcap-,530,10,2010,,7-Jun,,3.64,2200,
Rcap-,531,10,2010,,7-Jun,,3.31,2200,
Rcap-,532,10,2010,,7-Jun,,4.36,2200,
Rcap-,533,10,2010,,7-Jun,,3.06,2200,
Rcap-,534,10,2010,,7-Jun,,3.57,2200,
Rcap-,535,10,2010,,7-Jun,,2.98,2200,
Rcap-,536,10,2010,,7-Jun,,3.36,2200,
Rcap-,537,10,2010,,7-Jun,,3.51,2200,
Rcap-,538,10,2010,,7-Jun,,4.62,2200,
Rcap-,539,10,2010,,7-Jun,,3.43,2200,
Rcap-,540,10,2010,,7-Jun,,,,Dead in tank
Rcap-,541,10,2010,,7-Jun,,,,Dead in tank
Rcap-,542,5,2010,4-Mar,8-Jun,96,4.15,2200,
Rcap-,543,5,2010,4-Mar,8-Jun,96,3.78,2200,
Rcap-,544,5,2010,4-Mar,8-Jun,96,3.59,2200,
Rcap-,545,5,2010,4-Mar,8-Jun,96,4.8,2200,
Rcap-,546,5,2010,4-Mar,8-Jun,96,4.65,2200,
Rcap-,547,5,2010,4-Mar,8-Jun,96,4.35,2200,
Rcap-,548,6,2010,4-Mar,8-Jun,96,6.03,2200,
Rcap-,549,6,2010,4-Mar,8-Jun,96,5.52,2200,
Rcap-,550,6,2010,4-Mar,8-Jun,96,5.06,2200,
Rcap-,551,6,2010,4-Mar,8-Jun,96,5.28,2200,
Rcap-,552,7,2010,4-Mar,8-Jun,96,3.53,2200,
Rcap-,553,7,2010,4-Mar,8-Jun,96,3.76,2200,
Rcap-,554,8,2010,4-Mar,8-Jun,96,3.55,2200,
Rcap-,555,8,2010,4-Mar,8-Jun,96,3.46,2200,
Rcap-,556,8,2010,4-Mar,8-Jun,96,3.32,2200,
Rcap-,557,8,2010,4-Mar,8-Jun,96,3.43,2200,
Rcap-,558,8,2010,4-Mar,8-Jun,96,3.2,2200,
Rcap-,559,8,2010,4-Mar,8-Jun,96,3.13,2200,
Rcap-,560,9,2010,4-Mar,8-Jun,96,3.2,2200,
Rcap-,561,9,2010,4-Mar,8-Jun,96,4.37,2200,
Rcap-,562,10,2010,,8-Jun,,3.49,2200,
Rcap-,563,10,2010,,8-Jun,,4.02,2200,
Rcap-,564,5,2010,4-Mar,9-Jun,97,3.75,2200,
Rcap-,565,5,2010,4-Mar,9-Jun,97,3.63,2200,
Rcap-,566,5,2010,4-Mar,9-Jun,97,4.42,2200,
Rcap-,567,5,2010,4-Mar,9-Jun,97,3.7,2200,
Rcap-,568,6,2010,4-Mar,9-Jun,97,5.15,2200,
Rcap-,569,6,2010,4-Mar,9-Jun,97,5.76,2200,
Rcap-,570,6,2010,4-Mar,9-Jun,97,5.09,2200,
Rcap-,571,6,2010,4-Mar,9-Jun,97,5.41,2200,
Rcap-,572,6,2010,4-Mar,9-Jun,97,6.5,2200,
Rcap-,573,6,2010,4-Mar,9-Jun,97,5.88,2200,
Rcap-,574,6,2010,4-Mar,9-Jun,97,4.81,2200,
Rcap-,575,7,2010,4-Mar,9-Jun,97,5.44,2200,
Rcap-,576,7,2010,4-Mar,9-Jun,97,3.29,2200,
Rcap-,577,7,2010,4-Mar,9-Jun,97,4.39,2200,
Rcap-,578,8,2010,4-Mar,9-Jun,97,3.69,2200,
Rcap-,579,9,2010,4-Mar,9-Jun,97,4.26,2200,
Rcap-,580,9,2010,4-Mar,9-Jun,97,5.18,2200,
Rcap-,581,9,2010,4-Mar,9-Jun,97,4.35,2200,
Rcap-,582,9,2010,4-Mar,9-Jun,97,4.03,2200,
Rcap-,583,9,2010,4-Mar,9-Jun,97,3.76,2200,
Rcap-,584,9,2010,4-Mar,9-Jun,97,4.8,2200,
Rcap-,585,9,2010,4-Mar,9-Jun,97,4.68,2200,
Rcap-,586,9,2010,4-Mar,9-Jun,97,4.47,2200,
Rcap-,587,10,2010,,9-Jun,,,,Dead in tank
Rcap-,588,10,2010,,9-Jun,,3.89,2200,
Rcap-,589,5,2010,4-Mar,9-Jun,97,4.08,2200,
Rcap-,590,5,2010,4-Mar,11-Jun,99,3.52,2200,
Rcap-,591,5,2010,4-Mar,11-Jun,99,3.56,2200,
Rcap-,592,5,2010,4-Mar,11-Jun,99,3.65,2200,
Rcap-,593,5,2010,4-Mar,11-Jun,99,3.19,2200,
Rcap-,594,5,2010,4-Mar,11-Jun,99,3.27,2200,
Rcap-,595,5,2010,4-Mar,11-Jun,99,4.42,2200,
Rcap-,596,5,2010,4-Mar,11-Jun,99,3.69,2200,
Rcap-,597,5,2010,4-Mar,11-Jun,99,4.04,2200,
Rcap-,598,5,2010,4-Mar,11-Jun,99,3.62,2200,
Rcap-,599,5,2010,4-Mar,11-Jun,99,3.75,2200,
Rcap-,600,5,2010,4-Mar,11-Jun,99,3.97,2200,
Rcap-,601,6,2010,4-Mar,11-Jun,99,3.98,2200,
Rcap-,602,6,2010,4-Mar,11-Jun,99,5.22,2200,
Rcap-,603,6,2010,4-Mar,11-Jun,99,6.24,2200,
Rcap-,604,6,2010,4-Mar,11-Jun,99,5.02,2200,
Rcap-,605,6,2010,4-Mar,11-Jun,99,7.15,2200,
Rcap-,606,6,2010,4-Mar,11-Jun,99,4.6,2200,
Rcap-,607,6,2010,4-Mar,11-Jun,99,5.33,2200,
Rcap-,608,6,2010,4-Mar,11-Jun,99,5.55,2200,
Rcap-,609,6,2010,4-Mar,11-Jun,99,5.77,2200,
Rcap-,610,6,2010,4-Mar,11-Jun,99,4.65,2200,
Rcap-,611,6,2010,4-Mar,11-Jun,99,5.08,2200,
Rcap-,612,7,2010,4-Mar,11-Jun,99,3.75,2200,
Rcap-,613,7,2010,4-Mar,11-Jun,99,4.63,2200,
Rcap-,614,7,2010,4-Mar,11-Jun,99,5,2200,
Rcap-,615,7,2010,4-Mar,11-Jun,99,4.19,2200,
Rcap-,616,7,2010,4-Mar,11-Jun,99,4.18,2200,
Rcap-,617,7,2010,4-Mar,11-Jun,99,,,Dead in tank
Rcap-,618,8,2010,4-Mar,11-Jun,99,4.06,2200,
Rcap-,619,8,2010,4-Mar,11-Jun,99,3.82,2200,
Rcap-,620,8,2010,4-Mar,11-Jun,99,4,2200,
Rcap-,621,8,2010,4-Mar,11-Jun,99,3.73,2200,
Rcap-,622,8,2010,4-Mar,11-Jun,99,4.23,2200,
Rcap-,623,8,2010,4-Mar,11-Jun,99,4.31,2200,
Rcap-,624,8,2010,4-Mar,11-Jun,99,3.36,2200,
Rcap-,625,8,2010,4-Mar,11-Jun,99,4.1,2200,
Rcap-,626,8,2010,4-Mar,11-Jun,99,,,Dead in tank
Rcap-,627,8,2010,4-Mar,11-Jun,99,,,Dead in tank
Rcap-,628,9,2010,4-Mar,11-Jun,99,4.4,2200,
Rcap-,629,9,2010,4-Mar,11-Jun,99,3.75,2200,
Rcap-,630,9,2010,4-Mar,11-Jun,99,4.12,2200,
Rcap-,631,9,2010,4-Mar,11-Jun,99,5.72,2200,
Rcap-,632,9,2010,4-Mar,11-Jun,99,4.49,2200,
Rcap-,633,9,2010,4-Mar,11-Jun,99,4.41,2200,
Rcap-,634,10,2010,,11-Jun,,3.52,2200,
Rcap-,635,10,2010,,11-Jun,,3.2,2200,
Rcap-,636,10,2010,,11-Jun,,3.97,2200,
Rcap-,637,10,2010,,11-Jun,,4.65,2200,
Rcap-,638,10,2010,,11-Jun,,3.23,2200,
Rcap-,639,10,2010,,11-Jun,,4.34,2200,
Rcap-,640,10,2010,,11-Jun,,3.17,2200,
Rcap-,641,10,2010,,11-Jun,,3.77,2200,
Rcap-,642,10,2010,,11-Jun,,4.35,2200,
Rcap-,643,10,2010,,11-Jun,,3,2200,
Rcap-,644,10,2010,,11-Jun,,3.66,2200,
Rcap-,645,10,2010,,11-Jun,,3.97,2200,
Rcap-,646,10,2010,,11-Jun,,3.36,2200,
Rcap-,647,10,2010,,11-Jun,,3.21,2200,
Rcap-,648,10,2010,,11-Jun,,3.76,2200,
Rcap-,649,10,2010,,11-Jun,,3.53,2200,
Rcap-,650,10,2010,,11-Jun,,,,Dead in tank
Rcap-,651,5,2010,4-Mar,13-Jun,101,3.86,2200,
Rcap-,652,5,2010,4-Mar,13-Jun,101,4.58,2200,
Rcap-,653,5,2010,4-Mar,13-Jun,101,5.4,2200,
Rcap-,654,5,2010,4-Mar,13-Jun,101,5.5,2200,
Rcap-,655,5,2010,4-Mar,13-Jun,101,3.96,2200,
Rcap-,656,5,2010,4-Mar,13-Jun,101,3.22,2200,
Rcap-,657,5,2010,4-Mar,13-Jun,101,4.38,2200,
Rcap-,658,6,2010,4-Mar,13-Jun,101,6.16,2200,
Rcap-,659,6,2010,4-Mar,13-Jun,101,4.79,2200,
Rcap-,660,6,2010,4-Mar,13-Jun,101,4.6,2200,
Rcap-,661,6,2010,4-Mar,13-Jun,101,4.96,2200,
Rcap-,662,7,2010,4-Mar,13-Jun,101,4.17,2200,
Rcap-,663,7,2010,4-Mar,13-Jun,101,5.59,2200,
Rcap-,664,7,2010,4-Mar,13-Jun,101,4.83,2200,
Rcap-,665,7,2010,4-Mar,13-Jun,101,4.21,2200,
Rcap-,666,7,2010,4-Mar,13-Jun,101,4.44,2200,
Rcap-,667,7,2010,4-Mar,13-Jun,101,4.55,2200,
Rcap-,668,7,2010,4-Mar,13-Jun,101,4.03,2200,
Rcap-,669,9,2010,4-Mar,13-Jun,101,5.72,2200,
Rcap-,670,9,2010,4-Mar,13-Jun,101,5.93,2200,
Rcap-,671,9,2010,4-Mar,13-Jun,101,3.71,2200,
Rcap-,672,8,2010,4-Mar,13-Jun,101,4.33,2200,
Rcap-,673,8,2010,4-Mar,13-Jun,101,4.32,2200,
Rcap-,674,8,2010,4-Mar,13-Jun,101,4.91,2200,
Rcap-,675,10,2010,,13-Jun,,,,dead in tank
Rcap-,676,10,2010,,13-Jun,,,,dead in tank
Rcap-,677,10,2010,,13-Jun,,4.08,2200,
Rcap-,678,10,2010,,13-Jun,,3.26,2200,
Rcap-,679,10,2010,,13-Jun,,4.03,2200,
Rcap-,680,10,2010,,13-Jun,,3.57,2200,
Rcap-,681,10,2010,,13-Jun,,3.35,2200,
Rcap-,682,10,2010,,13-Jun,,4.03,2200,
Rcap-,683,5,2010,4-Mar,15-Jun,103,3.76,2200,
Rcap-,684,5,2010,4-Mar,15-Jun,103,3.91,2200,
Rcap-,685,5,2010,4-Mar,15-Jun,103,3.84,2200,
Rcap-,686,5,2010,4-Mar,15-Jun,103,3.75,2200,
Rcap-,687,6,2010,4-Mar,15-Jun,103,5,2200,
Rcap-,688,6,2010,4-Mar,15-Jun,103,4.74,2200,
Rcap-,689,6,2010,4-Mar,15-Jun,103,5.2,2200,
Rcap-,690,6,2010,4-Mar,15-Jun,103,3.54,2200,"alive, but underdeveloped Left hind limb"
Rcap-,691,7,2010,4-Mar,15-Jun,103,,,dead in tank
Rcap-,692,7,2010,4-Mar,15-Jun,103,3.03,2200,
Rcap-,693,7,2010,4-Mar,15-Jun,103,2.81,2200,
Rcap-,694,7,2010,4-Mar,15-Jun,103,3.53,2200,
Rcap-,695,7,2010,4-Mar,15-Jun,103,3.83,2200,
Rcap-,696,7,2010,4-Mar,15-Jun,103,4.44,2200,
Rcap-,697,8,2010,4-Mar,15-Jun,103,3.69,2200,
Rcap-,698,9,2010,4-Mar,15-Jun,103,,,dead in tank
Rcap-,699,9,2010,4-Mar,15-Jun,103,4.2,2200,
Rcap-,700,10,2010,,15-Jun,,,,dead in tank
Rcap-,701,10,2010,,15-Jun,,,,Dead in tank
Rcap-,702,10,2010,,15-Jun,,3.23,2200,
Rcap-,703,10,2010,,15-Jun,,3.16,2200,
Rcap-,704,10,2010,,15-Jun,,3.49,2200,
Rcap-,705,10,2010,,15-Jun,,3.15,2200,
Rcap-,706,10,2010,,15-Jun,,3.12,2200,
Rcap-,707,10,2010,,15-Jun,,3.83,2200,
Rcap-,708,5,2010,4-Mar,17-Jun,105,,,Dead in tank
Rcap-,709,5,2010,4-Mar,17-Jun,105,,,Dead in tank
Rcap-,710,5,2010,4-Mar,17-Jun,105,3.35,2200,
Rcap-,711,5,2010,4-Mar,17-Jun,105,4.21,2200,
Rcap-,712,5,2010,4-Mar,17-Jun,105,3.91,2200,
Rcap-,713,7,2010,4-Mar,17-Jun,105,,,Dead in tank
Rcap-,714,7,2010,4-Mar,17-Jun,105,3.96,2200,
Rcap-,715,7,2010,4-Mar,17-Jun,105,3.61,2200,
Rcap-,716,7,2010,4-Mar,17-Jun,105,3.83,2200,
Rcap-,717,7,2010,4-Mar,17-Jun,105,3.08,2200,
Rcap-,718,8,2010,4-Mar,17-Jun,105,,,Dead in tank
Rcap-,719,9,2010,4-Mar,17-Jun,105,,,Dead in tank
Rcap-,720,9,2010,4-Mar,17-Jun,105,4.65,2200,
Rcap-,721,9,2010,4-Mar,17-Jun,105,4.74,2200,
Rcap-,722,9,2010,4-Mar,17-Jun,105,4.32,2200,
Rcap-,723,9,2010,4-Mar,17-Jun,105,4.04,2200,
Rcap-,724,10,2010,,17-Jun,,,,Dead in tank
Rcap-,725,10,2010,,17-Jun,,,,Dead in tank
Rcap-,726,10,2010,,17-Jun,,,,Dead in tank
Rcap-,727,10,2010,,17-Jun,,,,Dead in tank
Rcap-,728,10,2010,,17-Jun,,3.14,2200,
Rcap-,729,10,2010,,17-Jun,,3.13,2200,
Rcap-,730,10,2010,,17-Jun,,3.81,2200,
Rcap-,731,10,2010,,17-Jun,,2.89,2200,
Rcap-,732,10,2010,,17-Jun,,2.57,2200,
Rcap-,733,10,2010,,17-Jun,,3.2,2200,
Rcap-,734,10,2010,,17-Jun,,3.67,2200,
Rcap-,735,10,2010,,17-Jun,,2.85,2200,
Rcap-,736,10,2010,,17-Jun,,3.11,2200,
Rcap-,737,10,2010,,17-Jun,,2.81,2200,
Rcap-,738,5,2010,4-Mar,18-Jun,106,2.36,2200,
Rcap-,739,5,2010,4-Mar,18-Jun,106,4.06,2200,
Rcap-,740,7,2010,4-Mar,18-Jun,106,3.54,2200,
Rcap-,741,9,2010,4-Mar,18-Jun,106,4.68,2200,
Rcap-,742,10,2010,,18-Jun,,3.31,2200,
Rcap-,743,10,2010,,18-Jun,,3.22,2200,
Rcap-,744,5,2010,4-Mar,19-Jun,107,4.95,2200,
Rcap-,745,5,2010,4-Mar,19-Jun,107,,,dead in tank
Rcap-,746,7,2010,4-Mar,19-Jun,107,4.44,2200,
Rcap-,747,7,2010,4-Mar,19-Jun,107,3.39,2200,
Rcap-,748,10,2010,,19-Jun,,2.9,2200,
Rcap-,749,10,2010,,19-Jun,,3.64,2200,
Rcap-,750,10,2010,,19-Jun,,3.75,2200,
Rcap-,751,10,2010,,21-Jun,,,,dead in tank
Rcap-,752,10,2010,,21-Jun,,4.29,2200,
Rcap-,753,10,2010,,21-Jun,,3.74,2200,
Rcap-,754,10,2010,,21-Jun,,4.46,2200,
Rcap-,755,9,2010,4-Mar,21-Jun,109,5.16,2200,
Rcap-,756,9,2010,4-Mar,21-Jun,109,5.85,2200,
Rcap-,757,8,2010,4-Mar,21-Jun,109,5.83,2200,
Rcap-,758,7,2010,4-Mar,21-Jun,109,4.4,2200,
Rcap-,759,7,2010,4-Mar,21-Jun,109,3.93,2200,
Rcap-,760,7,2010,4-Mar,21-Jun,109,4.27,2200,
Rcap-,761,7,2010,4-Mar,21-Jun,109,,,dead in tank
Rcap-,762,6,2010,4-Mar,21-Jun,109,5.65,2200,
Rcap-,763,6,2010,4-Mar,21-Jun,109,5.53,2200,
Rcap-,764,5,2010,4-Mar,21-Jun,109,,,dead in tank
Rcap-,765,5,2010,4-Mar,21-Jun,109,,,dead in tank
Rcap-,766,5,2010,4-Mar,21-Jun,109,,,dead in tank
Rcap-,767,5,2010,4-Mar,21-Jun,109,4.27,2200,
Rcap-,768,5,2010,4-Mar,22-Jun,110,,,dead in tank
Rcap-,769,10,2010,,22-Jun,,3.36,2200,
Rcap-,770,8,2010,4-Mar,23-Jun,111,,,Dead in tank
Rcap-,771,8,2010,4-Mar,23-Jun,111,4.31,2200,
Rcap-,772,7,2010,4-Mar,23-Jun,111,4.76,2200,
Rcap-,773,6,2010,4-Mar,23-Jun,111,7.79,2200,
Rcap-,774,5,2010,4-Mar,23-Jun,111,,,Dead in tank
Rcap-,775,10,2010,,25-Jun,,4.27,2200,
Rcap-,776,10,2010,,25-Jun,,5.03,2200,
Rcap-,777,5,2010,4-Mar,25-Jun,113,,,Dead in tank
Rcap-,778,5,2010,4-Mar,25-Jun,113,2.52,2200,
Rcap-,779,5,2010,4-Mar,25-Jun,113,2.18,2200,
Rcap-,780,5,2010,4-Mar,27-Jun,115,2.63,2200,
Rcap-,781,8,2010,4-Mar,27-Jun,115,7.45,2200,
Rcap-,782,8,2010,4-Mar,27-Jun,115,5.5,2200,
Rcap-,783,8,2010,4-Mar,27-Jun,115,5.48,2200,
Rcap-,784,10,2010,,28-Jun,,5.57,2200,
Rcap-,785,10,2010,,28-Jun,,4.7,2200,
Rcap-,786,10,2010,,28-Jun,,5.64,2200,
Rcap-,787,5,2010,4-Mar,29-Jun,117,7.56,2200,
Rcap-,788,9,2010,4-Mar,29-Jun,117,2.95,2200,
Rcap-,789,9,2010,4-Mar,29-Jun,117,7.16,2200,
Rcap-,790,10,2010,,29-Jun,,5.26,2200,
Rcap-,791,10,2010,,29-Jun,,5.77,2200,
Rcap-,792,5,2010,4-Mar,30-Jun,118,3.74,2200,still have partial tail
Rcap-,793,10,2010,,30-Jun,,4.92,2200,still have partial tail
Rcap-,794,10,2010,,2-Jul,,5.38,2200,still have partial tail
Rcap-,795,5,2010,4-Mar,5-Jul,123,3.63,2200,still have partial tail
Rcap-,796,5,2010,4-Mar,5-Jul,123,4.19,2200,still have partial tail
Rcap-,797,7,2010,4-Mar,5-Jul,123,7.36,2200,still have partial tail
Rcap-,798,9,2010,4-Mar,5-Jul,123,8.35,2200,still have partial tail
Rcap-,799,10,2010,,5-Jul,,8.75,2200,still have partial tail
Rcap-,800,10,2010,,5-Jul,,5.74,2200,still have partial tail
Rcap-,801,10,2010,,5-Jul,,7.76,2200,still have partial tail
Rcap-,802,10,2010,,5-Jul,,8.2,2200,still have partial tail
Rcap-,803,3,2011,,40696,,3.49,B19,nsa
Rcap-,804,3,2011,,40696,,3.95,2300,did not use
Rcap-,805,3,2011,,40696,,3.61,B20,nsa
Rcap-,806,3,2011,,40696,,3.36,B21,
Rcap-,807,3,2011,,40696,,4.45,C00,
Rcap-,808,3,2011,,40696,,3.75,B23,
Rcap-,809,3,2011,,40696,,3.28,B24,
Rcap-,810,3,2011,,40696,,3.76,na,dead in tank- in freezer
Rcap-,811,1,2011,,40696,,3.1,B22,nsa (6/20/11)
Rcap-,812,1,2011,,40696,,4.25,B25,
Rcap-,813,1,2011,,40696,,4.51,B26,
Rcap-,814,1,2011,,40696,,3.96,B27,
Rcap-,815,1,2011,,40696,,3.69,B28,
Rcap-,816,1,2011,,40696,,3.27,B29,
Rcap-,817,1,2011,,40696,,3.51,B30,
Rcap-,818,1,2011,,40696,,3.35,B31,
Rcap-,819,1,2011,,40696,,2.74,B33,*B32 was not used
Rcap-,820,1,2011,,40696,,3.08,B34,
Rcap-,821,1,2011,,40696,,3.63,B35,
Rcap-,822,1,2011,,40696,,3.22,B36,
Rcap-,823,1,2011,,40696,,3.33,B37,
Rcap-,824,1,2011,,40696,,3.73,B00,new skin applied (nsa)
Rcap-,825,1,2011,,40696,,2.45,B01,new skin applied (nsa)
Rcap-,826,1,2011,,40696,,3.56,B02,new skin applied (nsa)
Rcap-,827,1,2011,,40696,,2.74,B03,no newskin
Rcap-,828,1,2011,,40696,,3.73,B04,no newskin
Rcap-,829,1,2011,,40696,,3.7,2300,did not use
Rcap-,830,1,2011,,40696,,3.29,B05,no newskin
Rcap-,831,1,2011,,40696,,2.76,B06,nsa
Rcap-,832,1,2011,,40696,,3.93,B07,"nsa, high on thigh"
Rcap-,833,1,2011,,40696,,2.8,B08,"no newsking, at knee"
Rcap-,834,2,2011,,40696,,4.33,B09,nsa
Rcap-,835,2,2011,,40696,,2.78,B10,nsa
Rcap-,836,2,2011,,40696,,3.19,B11,nsa
Rcap-,837,2,2011,,40696,,2.91,B13,nsa
Rcap-,838,2,2011,,40696,,3.9,B14,nsa
Rcap-,839,2,2011,,40696,,3.16,B12,nsa
Rcap-,840,2,2011,,40696,,4.45,B15,nsa
Rcap-,841,2,2011,,40696,,4.16,B16,nsa
Rcap-,842,2,2011,,40696,,3.59,B17,nsa
Rcap-,843,2,2011,,40696,,2.71,B18,nsa
Rcap-,844,2,2011,,40696,,3.21,B38,nsa
Rcap-,845,2,2011,,40696,,2.85,B39,
Rcap-,846,2,2011,,40696,,3.58,B40,
Rcap-,847,2,2011,,40696,,2.69,B41,
Rcap-,848,2,2011,,40696,,2.98,B42,
Rcap-,849,2,2011,,40696,,4.07,B43,
Rcap-,850,2,2011,,40696,,3.15,na,dead in tank
Rcap-,851,4,2011,,40696,,4.2,na,dead in tank
Rcap-,852,4,2011,,40696,,4.87,na,dead in tank
Rcap-,853,1,2011,,40697,,4.13,B45,B44 was last
Rcap-,854,1,2011,,40697,,4.14,B46,
Rcap-,855,1,2011,,40697,,3.43,B47,
Rcap-,856,1,2011,,40697,,3.52,B48,small tail remaining
Rcap-,857,1,2011,,40697,,3.18,B49,
Rcap-,858,1,2011,,40697,,3.33,B50,
Rcap-,859,1,2011,,40697,,4.17,B51,small tail remaining
Rcap-,860,1,2011,,40697,,3.04,B52,
Rcap-,861,1,2011,,40697,,3.02,B53,
Rcap-,862,1,2011,,40697,,3.09,B54,
Rcap-,863,1,2011,,40697,,4.22,B55,tail remaining
Rcap-,864,1,2011,,40697,,3.28,B56,
Rcap-,865,1,2011,,40697,,3.33,B57,
Rcap-,866,2,2011,,40697,,2.72,B58,
Rcap-,867,2,2011,,40697,,3.34,B59,
Rcap-,868,2,2011,,40697,,3.95,B60,
Rcap-,869,2,2011,,40697,,3.02,B61,tail nub
Rcap-,870,3,2011,,40697,,3.97,B62,
Rcap-,871,3,2011,,40697,,3.59,B63,
Rcap-,872,3,2011,,40697,,3.58,B64,
Rcap-,873,3,2011,,40697,,3.44,B65,
Rcap-,874,7,2011,,40697,,4.66,B66,
Rcap-,875,1,2011,,40698,,na,na,preserved in ethanol
Rcap-,876,1,2011,,40698,,3.78,B67,
Rcap-,877,1,2011,,40698,,3.78,B68,tail nub remaining
Rcap-,878,1,2011,,40698,,3.49,B69,
Rcap-,879,1,2011,,40698,,3.54,B70,
Rcap-,880,1,2011,,40698,,3.7,B71,
Rcap-,881,1,2011,,40698,,3.96,B72,
Rcap-,882,2,2011,,40698,,3.47,B73,tail nub left
Rcap-,883,2,2011,,40698,,3.1,B74,
Rcap-,884,2,2011,,40698,,2.97,B75,
Rcap-,885,2,2011,,40698,,3.18,B76,
Rcap-,886,2,2011,,40698,,3.86,B77,small tail remaining
Rcap-,887,2,2011,,40698,,3.05,na,"small tail remains, found dead 6/9/2011"
Rcap-,888,3,2011,,40698,,4.24,na,preserved in 95% EtOH
Rcap-,889,3,2011,,40698,,4.06,B78,small tail remaining
Rcap-,890,3,2011,,40698,,4.4,B79,small tail remaining
Rcap-,891,3,2011,,40698,,3.85,B80,small tail remaining
Rcap-,892,3,2011,,40698,,3.57,B81,small tail remaining
Rcap-,893,3,2011,,40698,,4.1,B82,small tail remaining
Rcap-,894,3,2011,,40698,,3.09,B83,tail nub left
Rcap-,895,4,2011,,40698,,4.33,na,preserved in 95% EtOH
Rcap-,896,4,2011,,40698,,3.74,B85,"tail remains, B84 was lost"
Rcap-,897,4,2011,,40698,,4.7,B86,"severe bend in spine, tail remains"
Rcap-,898,4,2011,,40698,,4.17,B87,
Rcap-,899,5,2011,,40698,,3.99,B88,small tail remains
Rcap-,900,5,2011,,40698,,3.89,B89,
Rcap-,901,6,2011,,40698,,3.58,B90,tail remains
Rcap-,902,6,2011,,40698,,3.99,B91,
Rcap-,903,6,2011,,40698,,3.33,B92,
Rcap-,904,7,2011,,40698,,4.09,B93,
Rcap-,905,7,2011,,40698,,3.62,B94,
Rcap-,906,1,2011,,40699,,3.5,B95,tail nub
Rcap-,907,1,2011,,40699,,3.42,B96,small tail
Rcap-,908,1,2011,,40699,,3.03,B97,small tail
Rcap-,909,1,2011,,40699,,4.66,B98,tail nub
Rcap-,910,1,2011,,40699,,3.52,B99,small tail
Rcap-,911,2,2011,,40699,,3.17,C01,tail nub
Rcap-,912,2,2011,,40699,,2.88,C03,"small tail, C02 was lost"
Rcap-,913,2,2011,,40699,,3.49,C04,tail nub
Rcap-,914,2,2011,,40699,,2.86,C05,tail nub
Rcap-,915,3,2011,,40699,,5.06,C06,
Rcap-,916,3,2011,,40699,,4.26,B84,small tail
Rcap-,917,4,2011,,40699,,4.96,na,dead in tank
Rcap-,918,4,2011,,40699,,3.41,na,dead in tank
Rcap-,919,4,2011,,40699,,4.95,na,dead in tank
Rcap-,920,4,2011,,40699,,4.63,C07,small tail
Rcap-,921,4,2011,,40699,,4.33,C08,small tail
Rcap-,922,4,2011,,40699,,3.57,C09,small tail
Rcap-,923,4,2011,,40699,,4.41,C10,small tail
Rcap-,924,6,2011,,40699,,3.71,C11,small tail
Rcap-,925,6,2011,,40699,,3.31,C12,
Rcap-,926,6,2011,,40699,,3.67,C13,small tail
Rcap-,927,6,2011,,40699,,2.95,C14,small tail
Rcap-,928,6,2011,,40699,,3.95,C15,small tail
Rcap-,929,6,2011,,40699,,3.29,C16,small tail
Rcap-,930,6,2011,,40699,,3.67,C17,small tail
Rcap-,931,7,2011,,40699,,4.12,C18,small tail
Rcap-,932,7,2011,,40699,,3.84,C19,
Rcap-,933,1,2011,,40700,,4.08,na,"dead in tank, preserve in EtOH"
Rcap-,934,1,2011,,40700,,3.42,C20,tail nub
Rcap-,935,1,2011,,40700,,2.91,C21,tail nub
Rcap-,936,1,2011,,40700,,3.66,C22,tail nub
Rcap-,937,1,2011,,40700,,3.56,C23,small tail remaining
Rcap-,938,2,2011,,40700,,3.02,C24,tail nub
Rcap-,939,2,2011,,40700,,2.91,C25,
Rcap-,940,2,2011,,40700,,2.7,C27,small tail remaining
Rcap-,941,3,2011,,40700,,4.13,C26,
Rcap-,942,3,2011,,40700,,3.48,C28,tail nub
Rcap-,943,3,2011,,40700,,3.68,C29,
Rcap-,944,3,2011,,40700,,3.41,C30,
Rcap-,945,3,2011,,40700,,3.83,C31,small tail remaining
Rcap-,946,3,2011,,40700,,3.12,C32,tail nub
Rcap-,947,3,2011,,40700,,4.22,C33,
Rcap-,948,4,2011,,40700,,3.17,C34,small tail remains
Rcap-,949,4,2011,,40700,,2.84,C35,
Rcap-,950,4,2011,,40700,,3.57,C36,
Rcap-,951,4,2011,,40700,,3.55,C37,
Rcap-,952,5,2011,,40700,,4.66,C38,"small tail, also batch clipped 2300"
Rcap-,953,5,2011,,40700,,3.79,C39,
Rcap-,954,5,2011,,40700,,3.57,C40,
Rcap-,955,5,2011,,40700,,3.46,C41,small tail
Rcap-,956,6,2011,,40700,,2.97,C42,"small tail, also batch clipped 2300"
Rcap-,957,6,2011,,40700,,4.39,C43,small tail
Rcap-,958,6,2011,,40700,,3.94,C44,small tail
Rcap-,959,6,2011,,40700,,3.31,C45,"tail nub, also batch clipped 2300"
Rcap-,960,6,2011,,40700,,2.86,2300,tail remains
Rcap-,961,6,2011,,40700,,3.17,2300,
Rcap-,962,6,2011,,40700,,3.47,2300,
Rcap-,963,6,2011,,40700,,3.04,2300,
Rcap-,964,7,2011,,40700,,3.83,2300,
Rcap-,965,7,2011,,40700,,3.08,2300,small tail
Rcap-,966,7,2011,,40700,,3.61,2300,
Rcap-,967,7,2011,,40700,,3.4,2300,small tail
Rcap-,968,1,2011,,40701,,3.04,2300,tail nub
Rcap-,969,2,2011,,40701,,2.92,2300,
Rcap-,970,2,2011,,40701,,2.66,2300,
Rcap-,971,2,2011,,40701,,3.11,2300,
Rcap-,972,3,2011,,40701,,3.36,2300,small tail
Rcap-,973,3,2011,,40701,,4,2300,
Rcap-,974,4,2011,,40701,,4.09,na,"dead in tank, preserved in EtOH"
Rcap-,975,4,2011,,40701,,3.32,na,"dead in tank, preserved in EtOH"
Rcap-,976,4,2011,,40701,,3.67,2300,
Rcap-,977,4,2011,,40701,,3.29,2300,small tail
Rcap-,978,4,2011,,40701,,3.31,2300,small tail
Rcap-,979,4,2011,,40701,,3.48,2300,tail nub
Rcap-,980,5,2011,,40701,,4.18,2300,small tail
Rcap-,981,5,2011,,40701,,3.58,2300,
Rcap-,982,5,2011,,40701,,4.39,2300,small tail
Rcap-,983,5,2011,,40701,,3.66,2300,tail nub
Rcap-,984,5,2011,,40701,,3.69,2300,small tail
Rcap-,985,5,2011,,40701,,2.7,2300,small tail
Rcap-,986,5,2011,,40701,,3.14,2300,small tail
Rcap-,987,5,2011,,40701,,4.21,2300,small tail
Rcap-,988,5,2011,,40701,,3.09,2300,small tail
Rcap-,989,5,2011,,40701,,4.43,2300,small tail
Rcap-,990,6,2011,,40701,,3.94,2300,tail nub
Rcap-,991,6,2011,,40701,,3.91,2300,
Rcap-,992,6,2011,,40701,,3.52,2300,
Rcap-,993,6,2011,,40701,,3.32,2300,tail nub
Rcap-,994,6,2011,,40701,,3.07,2300,small tail
Rcap-,995,6,2011,,40701,,3.42,2300,tail nub
Rcap-,996,6,2011,,40701,,2.9,2300,tail nub
Rcap-,997,7,2011,,40701,,2.85,2300,
Rcap-,998,7,2011,,40701,,3.31,2300,small tail
Rcap-,999,7,2011,,40701,,3.18,2300,small tail
Rcap-,1000,7,2011,,40701,,3.97,2300,small tail
Rcap-,1001,7,2011,,40701,,3.3,2300,tail nub
Rcap-,1002,1,2011,,40702,,3.69,2300,
Rcap-,1003,1,2011,,40702,,3.42,2300,
Rcap-,1004,1,2011,,40702,,3.49,2300,
Rcap-,1005,2,2011,,40702,,3.16,2300,tail nub
Rcap-,1006,2,2011,,40702,,3.42,2300,
Rcap-,1007,2,2011,,40702,,2.94,2300,
Rcap-,1008,2,2011,,40702,,2.96,2300,tail nub
Rcap-,1009,3,2011,,40702,,4.2,2300,tail nub
Rcap-,1010,3,2011,,40702,,3.73,2300,tail nub
Rcap-,1011,3,2011,,40702,,4.37,2300,tail nub
Rcap-,1012,3,2011,,40702,,3.99,2300,tail nub
Rcap-,1013,3,2011,,40702,,4.61,2300,tail nub
Rcap-,1014,4,2011,,40702,,4.64,2300,small tail
Rcap-,1015,4,2011,,40702,,3.95,2300,
Rcap-,1016,4,2011,,40702,,4.11,2300,
Rcap-,1017,5,2011,,40702,,4.14,2300,
Rcap-,1018,5,2011,,40702,,3.22,2300,small tail
Rcap-,1019,5,2011,,40702,,3.84,2300,tail nub
Rcap-,1020,5,2011,,40702,,3.2,2300,tail nub
Rcap-,1021,6,2011,,40702,,3.17,2300,tail nub
Rcap-,1022,6,2011,,40702,,2.65,2300,
Rcap-,1023,6,2011,,40702,,3.47,2300,small tail
Rcap-,1024,6,2011,,40702,,2.94,2300,small tail
Rcap-,1025,6,2011,,40702,,3.43,2300,small tail
Rcap-,1026,6,2011,,40702,,3.95,2300,small tail
Rcap-,1027,6,2011,,40702,,3.11,2300,
Rcap-,1028,7,2011,,40702,,2.95,2300,
Rcap-,1029,7,2011,,40702,,3.72,2300,small tail
Rcap-,1030,1,2011,,40703,,3.31,2300,
Rcap-,1031,1,2011,,40703,,4.01,2300,
Rcap-,1032,1,2011,,40703,,2.99,2300,
Rcap-,1033,2,2011,,40703,,2.57,2300,
Rcap-,1034,2,2011,,40703,,3.05,2300,
Rcap-,1035,2,2011,,40703,,3.1,2300,
Rcap-,1036,2,2011,,40703,,3.55,2300,tail nub
Rcap-,1037,3,2011,,40703,,3.61,2300,
Rcap-,1038,3,2011,,40703,,4.4,2300,
Rcap-,1039,4,2011,,40703,,3.87,2300,tail nub
Rcap-,1040,4,2011,,40703,,4.05,2300,tail nub
Rcap-,1041,4,2011,,40703,,4,2300,
Rcap-,1042,4,2011,,40703,,3.09,2300,
Rcap-,1043,4,2011,,40703,,3.36,2300,
Rcap-,1044,5,2011,,40703,,3.34,2300,tail nub
Rcap-,1045,5,2011,,40703,,3.88,2300,tail nub
Rcap-,1046,5,2011,,40703,,3.39,2300,
Rcap-,1047,5,2011,,40703,,4.1,2300,
Rcap-,1048,5,2011,,40703,,3.18,2300,tail nub
Rcap-,1049,6,2011,,40703,,3.36,2300,
Rcap-,1050,6,2011,,40703,,2.9,2300,tail nub
Rcap-,1051,6,2011,,40703,,3.11,2300,
Rcap-,1052,6,2011,,40703,,2.91,2300,small tail
Rcap-,1053,6,2011,,40703,,2.76,2300,
Rcap-,1054,6,2011,,40703,,3.51,2300,tail nub
Rcap-,1055,6,2011,,40703,,2.58,2300,
Rcap-,1056,7,2011,,40703,,3.46,2300,
Rcap-,1057,7,2011,,40703,,3.17,2300,tail nub
Rcap-,1058,7,2011,,40703,,3.95,2300,small tail
Rcap-,1059,7,2011,,40703,,3.74,2300,small tail
Rcap-,1060,1,2011,,40704,,4.6,2300,small tail
Rcap-,1061,1,2011,,40704,,3.78,2300,
Rcap-,1062,1,2011,,40704,,3.75,2300,tail nub
Rcap-,1063,1,2011,,40704,,4.24,2300,tail nub
Rcap-,1064,1,2011,,40704,,4.32,2300,tail nub
Rcap-,1065,2,2011,,40704,,3.01,2300,
Rcap-,1066,2,2011,,40704,,2.67,2300,small tail
Rcap-,1067,3,2011,,40704,,3.49,2300,small tail
Rcap-,1068,4,2011,,40704,,4.27,2300,small tail
Rcap-,1069,4,2011,,40705,,3.97,2300,small tail
Rcap-,1070,4,2011,,40706,,3.6,2300,
Rcap-,1071,5,2011,,40704,,3.38,2300,tail nub
Rcap-,1072,5,2011,,40704,,3.3,2300,
Rcap-,1073,5,2011,,40704,,3.63,2300,
Rcap-,1074,5,2011,,40704,,2.96,2300,
Rcap-,1075,5,2011,,40704,,4.21,2300,somewhat bloated or just fat
Rcap-,1076,6,2011,,40704,,2.46,2300,
Rcap-,1077,6,2011,,40704,,3.39,2300,
Rcap-,1078,6,2011,,40704,,2.87,2300,
Rcap-,1079,6,2011,,40704,,3.6,2300,
Rcap-,1080,7,2011,,40704,,3.65,2300,tail nub
Rcap-,1081,7,2011,,40704,,3.85,2300,tail nub
Rcap-,1082,7,2011,,40704,,3.66,2300,
Rcap-,1083,7,2011,,40704,,3.22,2300,tail nub
Rcap-,1084,7,2011,,40704,,3.18,2300,tail nub
Rcap-,1085,1,2011,,40705,,4.56,2300,tail nub
Rcap-,1086,1,2011,,40705,,3.99,2300,tail nub
Rcap-,1087,1,2011,,40705,,4.34,2300,tail nub
Rcap-,1088,2,2011,,40705,,4.15,2300,short tail
Rcap-,1089,2,2011,,40705,,3.38,2300,tail nub
Rcap-,1090,2,2011,,40705,,2.55,2300,tail nub
Rcap-,1091,2,2011,,40705,,3.47,2300,short tail
Rcap-,1092,2,2011,,40705,,3.58,2300,short tail
Rcap-,1093,2,2011,,40705,,2.45,2300,tail nub
Rcap-,1094,4,2011,,40705,,3.62,2300,tail nub
Rcap-,1095,5,2011,,40705,,3.91,2300,small tail
Rcap-,1096,6,2011,,40705,,3.83,2300,
Rcap-,1097,6,2011,,40705,,2.83,2300,tail nub
Rcap-,1098,6,2011,,40705,,3.47,2300,small tail
Rcap-,1099,6,2011,,40705,,2.59,2300,small tail
Rcap-,1100,6,2011,,40705,,3.95,2300,small tail
Rcap-,1101,6,2011,,40705,,3.29,2300,tail nub
Rcap-,1102,7,2011,,40705,,3.32,2300,tail nub
Rcap-,1103,7,2011,,40705,,3.3,2300,
Rcap-,1104,7,2011,,40705,,3.57,2300,
Rcap-,1105,2,2011,,40706,,2.99,2300,small tail
Rcap-,1106,2,2011,,40706,,4.12,2300,small tail
Rcap-,1107,2,2011,,40706,,3.01,2300,tail nub
Rcap-,1108,3,2011,,40706,,3.87,2300,small tail
Rcap-,1109,3,2011,,40706,,3.14,2300,
Rcap-,1110,3,2011,,40706,,4.52,2300,
Rcap-,1111,4,2011,,40706,,3.86,2300,
Rcap-,1112,4,2011,,40706,,3.56,2300,
Rcap-,1113,4,2011,,40706,,2.95,2300,
Rcap-,1114,4,2011,,40706,,3.31,2300,
Rcap-,1115,4,2011,,40706,,4.13,2300,
Rcap-,1116,4,2011,,40706,,3.6,2300,
Rcap-,1117,4,2011,,40706,,4.2,2300,small tail
Rcap-,1118,5,2011,,40706,,3.49,2300,small tail
Rcap-,1119,5,2011,,40706,,3.04,2300,tail nub
Rcap-,1120,5,2011,,40706,,3.58,2300,
Rcap-,1121,5,2011,,40706,,3.81,2300,
Rcap-,1122,5,2011,,40706,,3.42,2300,
Rcap-,1123,6,2011,,40706,,3.08,2300,small tail
Rcap-,1124,6,2011,,40706,,3.12,2300,tail nub
Rcap-,1125,6,2011,,40706,,2.99,2300,tail nub
Rcap-,1126,6,2011,,40706,,3.11,2300,
Rcap-,1127,6,2011,,40706,,2.75,2300,
Rcap-,1128,6,2011,,40706,,3.49,2300,
Rcap-,1129,6,2011,,40706,,3.07,2300,
Rcap-,1130,6,2011,,40706,,3.36,2300,
Rcap-,1131,7,2011,,40706,,3.17,2300,
Rcap-,1132,7,2011,,40706,,2.89,2300,
Rcap-,1133,7,2011,,40706,,3.12,2300,
Rcap-,1134,7,2011,,40706,,2.71,2300,
Rcap-,1135,7,2011,,40706,,3.24,2300,
Rcap-,1136,7,2011,,40706,,3.69,2300,tail nub
Rcap-,1137,7,2011,,40706,,3.45,2300,tail nub
Rcap-,1138,7,2011,,40706,,3.03,2300,tail nub
Rcap-,1139,1,2011,,40707,,4.11,2300,
Rcap-,1140,1,2011,,40707,,3.04,2300,
Rcap-,1141,3,2011,,40707,,3.97,2300,
Rcap-,1142,3,2011,,40707,,4.32,2300,
Rcap-,1143,4,2011,,40707,,3.43,2300,
Rcap-,1144,4,2011,,40707,,3.39,2300,
Rcap-,1145,4,2011,,40707,,3.7,2300,
Rcap-,1146,4,2011,,40707,,3.91,2300,
Rcap-,1147,4,2011,,40707,,3.7,2300,
Rcap-,1148,5,2011,,40707,,4.25,2300,
Rcap-,1149,5,2011,,40707,,4.27,2300,
Rcap-,1150,6,2011,,40707,,3.3,2300,
Rcap-,1151,6,2011,,40707,,3.49,2300,
Rcap-,1152,7,2011,,40707,,3.61,2300,small tail
Rcap-,1153,7,2011,,40707,,3.17,2300,tail nub
Rcap-,1154,7,2011,,40707,,3.71,2300,tail nub
Rcap-,1155,1,2011,,40708,,3.9,2300,
Rcap-,1156,1,2011,,40708,,3.63,2300,
Rcap-,1157,2,2011,,40708,,2.58,2300,
Rcap-,1158,2,2011,,40708,,2.8,2300,
Rcap-,1159,2,2011,,40708,,3.44,2300,
Rcap-,1160,2,2011,,40708,,3.43,2300,
Rcap-,1161,3,2011,,40708,,4.15,2300,
Rcap-,1162,3,2011,,40708,,4.05,2300,
Rcap-,1163,4,2011,,40708,,3.75,2300,
Rcap-,1164,4,2011,,40708,,4.31,2300,
Rcap-,1165,4,2011,,40708,,3.3,2300,
Rcap-,1166,5,2011,,40708,,3.57,2300,
Rcap-,1167,5,2011,,40708,,3.28,2300,
Rcap-,1168,5,2011,,40708,,3.75,2300,
Rcap-,1169,5,2011,,40708,,3.07,2300,
Rcap-,1170,6,2011,,40708,,2.53,2300,
Rcap-,1171,6,2011,,40708,,3.08,2300,
Rcap-,1172,6,2011,,40708,,2.73,2300,
Rcap-,1173,7,2011,,40708,,3.42,2300,
Rcap-,1174,7,2011,,40708,,3.22,2300,tail nub
Rcap-,1175,7,2011,,40708,,3.33,2300,tail nub
Rcap-,1176,1,2011,,40709,,4.49,2300,
Rcap-,1177,2,2011,,40709,,2.89,2300,small tail
Rcap-,1178,2,2011,,40709,,3.07,2300,
Rcap-,1179,2,2011,,40709,,3.67,2300,
Rcap-,1180,2,2011,,40709,,3.32,2300,
Rcap-,1181,3,2011,,40709,,3.89,2300,
Rcap-,1182,3,2011,,40709,,4.08,2300,
Rcap-,1183,4,2011,,40709,,4.68,2300,tail nub
Rcap-,1184,4,2011,,40709,,4.04,2300,tail nub
Rcap-,1185,5,2011,,40709,,3.47,2300,tail nub
Rcap-,1186,6,2011,,40709,,3.52,2300,tail nub
Rcap-,1187,6,2011,,40709,,3.49,2300,
Rcap-,1188,6,2011,,40709,,3.11,2300,
Rcap-,1189,6,2011,,40709,,2.8,2300,
Rcap-,1190,7,2011,,40709,,2.96,2300,
Rcap-,1191,7,2011,,40709,,2.91,2300,
Rcap-,1192,2,2011,,40710,,3.5,2300,tail nub
Rcap-,1193,4,2011,,40710,,4.41,2300,tail nub
Rcap-,1194,4,2011,,40710,,4.83,2300,tail nub
Rcap-,1195,4,2011,,40710,,3.68,2300,
Rcap-,1196,4,2011,,40710,,3.68,2300,
Rcap-,1197,5,2011,,40710,,3.81,2300,tail nub
Rcap-,1198,5,2011,,40710,,3.39,2300,tail nub
Rcap-,1199,5,2011,,40710,,3.47,2300,
Rcap-,1200,6,2011,,40710,,3.99,2300,
Rcap-,1201,6,2011,,40710,,3.66,2300,
Rcap-,1202,7,2011,,40710,,3.2,2300,tail nub
Rcap-,1203,7,2011,,40710,,3.22,2300,
Rcap-,1204,1,2011,,40711,,4.89,2300,tail nub
Rcap-,1205,1,2011,,40711,,2.85,2300,
Rcap-,1206,2,2011,,40711,,3.44,2300,
Rcap-,1207,4,2011,,40711,,4.9,2300,tail nub
Rcap-,1208,4,2011,,40711,,5.15,2300,
Rcap-,1209,4,2011,,40711,,4.59,2300,
Rcap-,1210,4,2011,,40711,,4.39,2300,
Rcap-,1211,5,2011,,40711,,3.98,2300,small tail
Rcap-,1212,5,2011,,40711,,3.26,2300,tail nub
Rcap-,1213,5,2011,,40711,,3.27,2300,
Rcap-,1214,5,2011,,40711,,3.38,2300,
Rcap-,1215,6,2011,,40711,,3.99,2300,small tail
Rcap-,1216,6,2011,,40711,,3.63,2300,small tail
Rcap-,1217,6,2011,,40711,,3.89,2300,small tail
Rcap-,1218,7,2011,,40711,,3.45,2300,small tail
Rcap-,1219,7,2011,,40711,,3.4,2300,small tail
Rcap-,1220,7,2011,,40711,,3.64,2300,tail nub
Rcap-,1221,7,2011,,40711,,2.79,2300,tail nub
Rcap-,1222,1,2011,,40712,,4.74,2300,
Rcap-,1223,2,2011,,40712,,3.07,2300,
Rcap-,1224,4,2011,,40712,,3.6,2300,
Rcap-,1225,4,2011,,40712,,4.11,2300,
Rcap-,1226,6,2011,,40712,,3.06,2300,
Rcap-,1227,6,2011,,40712,,3.24,2300,tail nub
Rcap-,1228,7,2011,,40712,,3.32,2300,
Rcap-,1229,7,2011,,40712,,3.37,2300,
Rcap-,1230,1,2011,,40713,,4.6,2300,
Rcap-,1231,2,2011,,40713,,3.09,2300,
Rcap-,1232,2,2011,,40713,,3.75,2300,
Rcap-,1233,2,2011,,40713,,3.51,2300,
Rcap-,1234,4,2011,,40713,,4.46,2300,
Rcap-,1235,4,2011,,40713,,4.37,2300,
Rcap-,1236,5,2011,,40713,,3.85,2300,
Rcap-,1237,5,2011,,40713,,4.25,2300,
Rcap-,1238,5,2011,,40713,,3.7,2300,
Rcap-,1239,5,2011,,40713,,3.7,2300,
Rcap-,1240,7,2011,,40713,,3.38,2300,
Rcap-,1241,7,2011,,40713,,3.63,2300,
Rcap-,1242,7,2011,,40713,,3.59,2300,
Rcap-,1243,7,2011,,40713,,2.66,2300,
Rcap-,1244,7,2011,,40713,,3.23,2300,
Rcap-,1245,7,2011,,40713,,2.83,2300,
Rcap-,1246,1,2011,,40715,,5.5,2300,
Rcap-,1247,1,2011,,40715,,5.04,2300,
Rcap-,1248,2,2011,,40715,,3.22,na,"found dead 6/23/2011, SCWDS"
Rcap-,1249,2,2011,,40715,,3.21,2300,
Rcap-,1250,2,2011,,40715,,3.17,2300,tail nub
Rcap-,1251,3,2011,,40715,,4.16,2300,
Rcap-,1252,3,2011,,40715,,3.67,2300,
Rcap-,1253,3,2011,,40715,,5.03,2300,
Rcap-,1254,3,2011,,40715,,9.71,na,"bloated one we noticed 6/17, giving to SCWDS"
Rcap-,1255,3,2011,,40715,,3.92,2300,
Rcap-,1256,3,2011,,40715,,4.73,2300,
Rcap-,1257,3,2011,,40715,,4.87,2300,
Rcap-,1258,3,2011,,40715,,3.77,2300,
Rcap-,1259,4,2011,,40715,,5.39,2300,
Rcap-,1260,5,2011,,40715,,3.05,2300,
Rcap-,1261,5,2011,,40715,,3.61,2300,
Rcap-,1262,5,2011,,40715,,2.91,2300,
Rcap-,1263,5,2011,,40715,,3.23,2300,
Rcap-,1264,5,2011,,40715,,2.87,2300,
Rcap-,1265,5,2011,,40715,,2.48,2300,
Rcap-,1266,5,2011,,40715,,3.32,2300,
Rcap-,1267,5,2011,,40715,,3.17,2300,
Rcap-,1268,6,2011,,40715,,3.87,2300,
Rcap-,1269,6,2011,,40715,,3.85,2300,
Rcap-,1270,7,2011,,40715,,3.19,na,"dead, preserved in EtOH"
Rcap-,1271,7,2011,,40715,,3.39,na,"dead, preserved in EtOH"
Rcap-,1272,7,2011,,40715,,2.66,2300,
Rcap-,1273,7,2011,,40715,,2.91,na,6/30/2011 when marking discovered no left foot but bone was sticking out
Rcap-,1274,7,2011,,40715,,3.28,2300,
Rcap-,1275,7,2011,,40715,,2.78,2300,
Rcap-,1276,7,2011,,40715,,3.58,2300,
Rcap-,1277,7,2011,,40715,,3.59,2300,
Rcap-,1278,7,2011,,40715,,4.08,2300,
Rcap-,1279,3,2011,,40717,,5.3,2300,
Rcap-,1280,3,2011,,40717,,5.96,2300,
Rcap-,1281,4,2011,,40717,,6.27,2300,
Rcap-,1282,5,2011,,40717,,3.7,2300,
Rcap-,1283,5,2011,,40717,,2.8,2300,
Rcap-,1284,5,2011,,40717,,4.05,2300,
Rcap-,1285,6,2011,,40717,,3.81,na,DOA; preserved in 95% EtOH
Rcap-,1286,6,2011,,40717,,4.13,2300,
Rcap-,1287,7,2011,,40717,,2.83,2300,
Rcap-,1288,7,2011,,40717,,3.97,2300,
Rcap-,1289,7,2011,,40717,,3.44,2300,
Rcap-,1290,7,2011,,40717,,4.1,2300,
Rcap-,1291,2,2011,,40718,,4.22,2300,
Rcap-,1292,2,2011,,40718,,3.87,2300,tail nub
Rcap-,1293,3,2011,,40718,,5.28,2300,
Rcap-,1294,3,2011,,40718,,5.23,2300,tail nub
Rcap-,1295,5,2011,,40718,,4.99,2300,tail nub
Rcap-,1296,6,2011,,40718,,4.23,2300,
Rcap-,1297,2,2011,,40721,,4.21,na,dead in tank; preserved in EtOH
Rcap-,1298,2,2011,,40721,,4.08,2300,
Rcap-,1299,3,2011,,40721,,4.48,2300,
Rcap-,1300,3,2011,,40721,,4.55,2300,
Rcap-,1301,3,2011,,40721,,5.1,2300,small tail remaining
Rcap-,1302,3,2011,,40721,,5,2300,
Rcap-,1303,4,2011,,40721,,5.46,2300,
Rcap-,1304,4,2011,,40721,,6.46,2300,
Rcap-,1305,5,2011,,40721,,4.3,2300,
Rcap-,1306,5,2011,,40721,,3.1,2300,
Rcap-,1307,5,2011,,40721,,3.85,2300,
Rcap-,1308,5,2011,,40721,,3.67,2300,
Rcap-,1309,5,2011,,40721,,3.34,2300,
Rcap-,1310,5,2011,,40721,,3.66,2300,
Rcap-,1311,5,2011,,40721,,3.2,2300,
Rcap-,1312,5,2011,,40721,,3.92,2300,
Rcap-,1313,5,2011,,40721,,4.03,2300,
Rcap-,1314,6,2011,,40721,,4.13,2300,
Rcap-,1315,6,2011,,40721,,3.06,2300,
Rcap-,1316,7,2011,,40721,,na,na,dead in tank; preserved in EtOH
Rcap-,1317,7,2011,,40721,,3.41,2300,
Rcap-,1318,7,2011,,40721,,3.77,2300,
Rcap-,1319,7,2011,,40721,,4.64,2300,small tail remains
Rcap-,1320,7,2011,,40721,,3.44,2300,
Rcap-,1321,7,2011,,40721,,3.62,2300,
Rcap-,1322,7,2011,,40721,,3.34,2300,
Rcap-,1323,1,2011,,40723,,6.12,2300,
Rcap-,1324,1,2011,,40723,,6.09,2300,
Rcap-,1325,2,2011,,40723,,4.1,2300,
Rcap-,1326,2,2011,,40723,,3.57,2300,
Rcap-,1327,3,2011,,40723,,4.08,2300,
Rcap-,1328,3,2011,,40723,,5.44,2300,
Rcap-,1329,3,2011,,40723,,5.01,2300,
Rcap-,1330,5,2011,,40723,,4.3,2300,
Rcap-,1331,6,2011,,40723,,5.29,2300,
Rcap-,1332,7,2011,,40723,,3.38,2300,
Rcap-,1333,7,2011,,40723,,4.4,2300,
Rcap-,1334,7,2011,,40723,,3.92,2300,
Rcap-,1335,2,2011,,40725,,4.7,2300,
Rcap-,1336,2,2011,,40725,,4.98,2300,
Rcap-,1337,2,2011,,40725,,3.36,2300,
Rcap-,1338,2,2011,,40725,,4.28,2300,
Rcap-,1339,3,2011,,40725,,4.3,2300,
Rcap-,1340,5,2011,,40725,,4.48,2300,tail nub
Rcap-,1341,6,2011,,40725,,4.01,2300,
Rcap-,1342,6,2011,,40725,,3.99,2300,noticeable curvature on right side
Rcap-,1343,7,2011,,40731,,4.22,2300,
Rcap-,1344,2,2011,,40728,,3.89,2300,
Rcap-,1345,2,2011,,40728,,3.05,2300,
Rcap-,1346,2,2011,,40728,,5.06,2300,
Rcap-,1347,2,2011,,40728,,4.6,2300,
Rcap-,1348,5,2011,,40728,,4.35,2300,
Rcap-,1349,5,2011,,40728,,4.15,2300,
Rcap-,1350,5,2011,,40728,,3.91,2300,
Rcap-,1351,5,2011,,40728,,3.74,2300,
Rcap-,1352,6,2011,,40728,,4.65,2300,
Rcap-,1353,6,2011,,40728,,4.06,2300,
Rcap-,1354,6,2011,,40728,,4.89,2300,
Rcap-,1355,6,2011,,40728,,4.59,2300,
Rcap-,1356,7,2011,,40728,,4.45,2300,
Rcap-,1357,7,2011,,40728,,4.69,2300,
Rcap-,1358,7,2011,,40728,,4.15,2300,
Rcap-,1359,2,2011,,40730,,4.6,2300,
Rcap-,1360,3,2011,,40730,,6.24,2300,
Rcap-,1361,5,2011,,40730,,4.12,2300,
Rcap-,1362,7,2011,,40730,,4.77,2300,
Rcap-,1363,7,2011,,40730,,3.54,na,missing right hind leg
Rcap-,1364,2,2011,,40733,,5.54,2300,
Rcap-,1365,2,2011,,40733,,5.93,2300,
Rcap-,1366,5,2011,,40733,,4.07,2300,
Rcap-,1367,5,2011,,40733,,4.02,2300,
Rcap-,1368,5,2011,,40733,,4.66,2300,
Rcap-,1369,6,2011,,40733,,6.5,2300,"lethargic, red legs"
Rcap-,1370,6,2011,,40733,,4.44,2300,
Rcap-,1371,5,2011,,40739,,3.3,2300,
Rcap-,1372,5,2011,,40739,,4.28,2300,
Rcap-,1373,5,2011,,40739,,3.75,2300,
Rcap-,1374,5,2011,,40739,,3.93,2300,
Rcap-,1375,5,2011,,40739,,5.1,2300,
Rcap-,1376,5,2011,,40739,,3.69,2300,
Rcap-,1377,2,2011,,40739,,4.31,2300,
Rcap-,1378,2,2011,,40739,,4.55,2300,
Rcap-,1379,2,2011,,40739,,4.39,2300,
Rcap-,1380,2,2011,,40739,,4.29,2300,
Rcap-,1381,2,2011,,40739,,4.37,2300,left leg broke accidently
Rcap-,1382,2,2011,,40739,,3.44,2300,
Rcap-,1383,2,2011,,40739,,3.68,2300,
Rcap-,1384,5,2011,,40742,,4.95,2300,
Rcap-,1385,5,2011,,40744,,4.35,2300,
Rcap-,1386,5,2011,,40744,,4.65,2300,
Rcap-,1387,2,2011,,40744,,4.97,2300,
Rcap-,1388,7,2011,,40744,,5.7,2300,left eye deformed-- smaller eye
Rcap-,1389,5,2011,,40745,,4.87,2300,
Rcap-,1390,5,2011,,40749,,5.2,2300,
Rcap-,1391,6,2011,,40749,,6.9,2300,
Rcap-,1392,7,2011,,40749,,5.23,2300,missing right leg