Species,ID_No,Clutch.ID,Date.eggs.hatched,Stocking.density,Tank.ID,Date.stocked,Year,Date.metamorphosed,Days.to.metamorphosis,Mass.g.metamorphosed,Mark,Fate.comments,Mortality,Facility
Rcapito,246,gf1,2/16/19,50,4,2/27/19,2019,5/30/19,,5.98, ,NDF, ,UGA
Rcapito,247,gf1,2/16/19,50,4,2/27/19,2019,5/30/19,,6.82, ,NDF,dead 6/4,UGA
Rcapito,248,gf1,2/16/19,50,4,2/27/19,2019,5/30/19,,6.31, ,NDF, ,UGA
Rcapito,250,gf1,2/16/19,50,4,2/27/19,2019,5/30/19,,8.85, ,NDF, ,UGA
Rcapito,251,gf1,2/16/19,50,4,2/27/19,2019,5/30/19,,3.74, ,NDF, ,UGA
Rcapito,253,gf1,2/16/19,50,4,2/27/19,2019,5/30/19,,5.98, ,NDF,dead 6/1,UGA
Rcapito,254,gf1,2/16/19,50,4,2/27/19,2019,5/30/19,,5.85, ,NDF, ,UGA
Rcapito,257,gf1,2/16/19,50,4,2/27/19,2019,5/30/19,,5.3, ,NDF,dead 5/31,UGA
Rcapito,258,gf1,2/16/19,50,4,2/27/19,2019,5/30/19,,5.31, ,NDF,dead 5/30,UGA
Rcapito,375,gf1,2/16/19,50,4,2/27/19,2019,6/1/19,,4.94, ,NDF, ,UGA
Rcapito,400,gf1,2/16/19,50,4,2/27/19,2019,6/21/19,,5.32, ,NDF, ,UGA
Rcapito,401,gf1,2/16/19,50,4,2/27/19,2019,6/21/19,,4.69, ,NDF, ,UGA
Rcapito,499,gf1,2/16/19,50,4,2/27/19,2019,6/3/19,,4.64,,NDF,,UGA
Rcapito,501,gf1,2/16/19,50,4,2/27/19,2019,6/3/19,,5.01,,NDF,,UGA
Rcapito,604,gf1,2/16/19,50,4,2/27/19,2019,6/4/19,,4.97,,NDF,,UGA
Rcapito,606,gf1,2/16/19,50,4,2/27/19,2019,6/4/19,,4.08,,NDF,,UGA
Rcapito,659,gf1,2/16/19,50,4,2/27/19,2019,6/5/19,,6.67,,NDF,DEAD 6/6,UGA
Rcapito,966,gf1,2/16/19,50,4,2/27/19,2019,6/12/19,,3.07,,NDF,,UGA
Rcapito,605,gf1,2/16/19,50,4,2/27/19,2019,6/4/19,,5.19,,"NDF ""RANA VIRUS?""",,UGA
Rcapito,372,gf1,2/16/19,50,4,2/27/19,2019,6/1/19,,4.61, ,NDF 0.25 CM TAIL,DEAD 6/2,UGA
Rcapito,374,gf1,2/16/19,50,4,2/27/19,2019,6/1/19,,5.05, ,NDF 0.5 CM TAIL,DEAD 6/4,UGA
Rcapito,255,gf1,2/16/19,50,4,2/27/19,2019,5/30/19,,5.25, ,NDF GILL,dead 5/30,UGA
Rcapito,749,gf1,2/16/19,50,4,2/27/19,2019,6/7/19,,4.21,,NDF GILL,,UGA
Rcapito,249,gf1,2/16/19,50,4,2/27/19,2019,5/30/19,,5.31, ,NDF NE, ,UGA
Rcapito,256,gf1,2/16/19,50,4,2/27/19,2019,5/30/19,,6.09, ,NDF NE,dead 5/31,UGA
Rcapito,399,gf1,2/16/19,50,4,2/27/19,2019,6/21/19,,4.44, ,NDF NE, ,UGA
Rcapito,402,gf1,2/16/19,50,4,2/27/19,2019,6/21/19,,5.82, ,NDF NE, ,UGA
Rcapito,500,gf1,2/16/19,50,4,2/27/19,2019,6/3/19,,5.2,,NDF NE,EUTHANIZED 6/4,UGA
Rcapito,502,gf1,2/16/19,50,4,2/27/19,2019,6/3/19,,4.97,,NDF NE,,UGA
Rcapito,658,gf1,2/16/19,50,4,2/27/19,2019,6/5/19,,4.41,,NDF NE,,UGA
Rcapito,883,gf1,2/16/19,50,4,2/27/19,2019,6/10/19,,4.57,,NDF NE,,UGA
Rcapito,252,gf1,2/16/19,50,4,2/27/19,2019,5/30/19,,3.68, ,"NDF NE ""sickly""",found dead 7/3,UGA
Rcapito,373,gf1,2/16/19,50,4,2/27/19,2019,6/1/19,,4.45, ,NDF NE GILL 1CM TAIL, ,UGA
Rcapito,914,gf1,2/16/19,50,4,2/27/19,2019,6/11/19,,5.26,,,,UGA
Rcapito,982,gf1,2/16/19,50,4,2/27/19,2019,6/12/19,,3.88,,,,UGA
Rcapito,1002,gf1,2/16/19,50,4,2/27/19,2019,6/13/19,,4.62,,,,UGA
Rcapito,1094,gf1,2/16/19,50,4,2/27/19,2019,6/17/19,,4.51,,,,UGA
Rcapito,1209,gf1,2/16/19,50,4,2/27/19,2019,6/20/19,,5.28,,,,UGA
Rcapito,912,gf2,2/16/19,50,5,2/27/19,2019,6/10/19,,4.34,,GILL,,UGA
Rcapito,240,gf2,2/16/19,50,5,2/27/19,2019,5/30/19,,6.13, ,NDF, ,UGA
Rcapito,269,gf2,2/16/19,50,5,2/27/19,2019,5/31/19,,4.33, ,NDF, ,UGA
Rcapito,270,gf2,2/16/19,50,5,2/27/19,2019,5/31/19,,5.21, ,NDF, ,UGA
Rcapito,377,gf2,2/16/19,50,5,2/27/19,2019,6/1/19,,5.14, ,NDF, ,UGA
Rcapito,386,gf2,2/16/19,50,5,2/27/19,2019,6/21/19,,3.99, ,NDF, ,UGA
Rcapito,516,gf2,2/16/19,50,5,2/27/19,2019,6/3/19,,4.41,,NDF,,UGA
Rcapito,517,gf2,2/16/19,50,5,2/27/19,2019,6/3/19,,4.25,,NDF,,UGA
Rcapito,518,gf2,2/16/19,50,5,2/27/19,2019,6/3/19,,4.41,,NDF,,UGA
Rcapito,519,gf2,2/16/19,50,5,2/27/19,2019,6/3/19,,4.91,,NDF,,UGA
Rcapito,520,gf2,2/16/19,50,5,2/27/19,2019,6/3/19,,5.14,,NDF,,UGA
Rcapito,521,gf2,2/16/19,50,5,2/27/19,2019,6/3/19,,5.03,,NDF,,UGA
Rcapito,522,gf2,2/16/19,50,5,2/27/19,2019,6/3/19,,5.13,,NDF,,UGA
Rcapito,523,gf2,2/16/19,50,5,2/27/19,2019,6/3/19,,4.55,,NDF,,UGA
Rcapito,524,gf2,2/16/19,50,5,2/27/19,2019,6/3/19,,5.51,,NDF,,UGA
Rcapito,525,gf2,2/16/19,50,5,2/27/19,2019,6/3/19,,4.91,,NDF,,UGA
Rcapito,526,gf2,2/16/19,50,5,2/27/19,2019,6/3/19,,4.96,,NDF,,UGA
Rcapito,527,gf2,2/16/19,50,5,2/27/19,2019,6/3/19,,4.51,,NDF,,UGA
Rcapito,528,gf2,2/16/19,50,5,2/27/19,2019,6/3/19,,5.37,,NDF,,UGA
Rcapito,529,gf2,2/16/19,50,5,2/27/19,2019,6/3/19,,4.1,,NDF,,UGA
Rcapito,594,gf2,2/16/19,50,5,2/27/19,2019,6/4/19,,4.61,,NDF,,UGA
Rcapito,597,gf2,2/16/19,50,5,2/27/19,2019,6/4/19,,4.01,,NDF,,UGA
Rcapito,598,gf2,2/16/19,50,5,2/27/19,2019,6/4/19,,4.86,,NDF,,UGA
Rcapito,599,gf2,2/16/19,50,5,2/27/19,2019,6/4/19,,3.97,,NDF,,UGA
Rcapito,600,gf2,2/16/19,50,5,2/27/19,2019,6/4/19,,3.77,,NDF,,UGA
Rcapito,601,gf2,2/16/19,50,5,2/27/19,2019,6/4/19,,3.46,,NDF,,UGA
Rcapito,602,gf2,2/16/19,50,5,2/27/19,2019,6/4/19,,4.17,,NDF,,UGA
Rcapito,688,gf2,2/16/19,50,5,2/27/19,2019,6/6/19,,4.91,,NDF,,UGA
Rcapito,689,gf2,2/16/19,50,5,2/27/19,2019,6/6/19,,4.11,,NDF,,UGA
Rcapito,754,gf2,2/16/19,50,5,2/27/19,2019,6/7/19,,4.46,,NDF,,UGA
Rcapito,1000,gf2,2/16/19,50,5,2/27/19,2019,6/13/19,,3.79,,NDF,,UGA
Rcapito,1092,gf2,2/16/19,50,5,2/27/19,2019,6/16/19,,3.25,,NDF,,UGA
Rcapito,376,gf2,2/16/19,50,5,2/27/19,2019,6/1/19,,4.78, ,NDF 0.5 CM TAIL,ESCAPED NEVER FOUND,UGA
Rcapito,378,gf2,2/16/19,50,5,2/27/19,2019,6/1/19,,5.13, ,NDF 0.5 CM TAIL, ,UGA
Rcapito,784,gf2,2/16/19,50,5,2/27/19,2019,6/8/19,,4.97,,NDF FOUND ON GROUND,,UGA
Rcapito,596,gf2,2/16/19,50,5,2/27/19,2019,6/4/19,,2.9,,NDF NE,,UGA
Rcapito,1185,gf2,2/16/19,50,5,2/27/19,2019,6/20/19,,4.42,,NDF NE,,UGA
Rcapito,530,gf2,2/16/19,50,5,2/27/19,2019,6/3/19,,4.85,,NDF NE GILL,,UGA
Rcapito,595,gf2,2/16/19,50,5,2/27/19,2019,6/4/19,,3.96,,,,UGA
Rcapito,1136,gf2,2/16/19,50,5,2/27/19,2019,6/18/19,,2.41,,,,UGA
Rcapito,193,gf3,2/16/19,50,6,2/27/19,2019,5/30/19,,4.75, , , ,UGA
Rcapito,268,gf3,2/16/19,50,6,2/27/19,2019,5/30/19,,4.77, , , ,UGA
Rcapito,551,gf3,2/16/19,50,6,2/27/19,2019,6/4/19,,4.17,,,,UGA
Rcapito,552,gf3,2/16/19,50,6,2/27/19,2019,6/4/19,,5.33,,,,UGA
Rcapito,553,gf3,2/16/19,50,6,2/27/19,2019,6/4/19,,4.6,,,,UGA
Rcapito,554,gf3,2/16/19,50,6,2/27/19,2019,6/4/19,,5.07,,,,UGA
Rcapito,555,gf3,2/16/19,50,6,2/27/19,2019,6/4/19,,5.12,,,,UGA
Rcapito,556,gf3,2/16/19,50,6,2/27/19,2019,6/4/19,,6.67,,,,UGA
Rcapito,557,gf3,2/16/19,50,6,2/27/19,2019,6/4/19,,5.76,,,,UGA
Rcapito,558,gf3,2/16/19,50,6,2/27/19,2019,6/4/19,,5.14,,,,UGA
Rcapito,559,gf3,2/16/19,50,6,2/27/19,2019,6/4/19,,5.57,,,,UGA
Rcapito,560,gf3,2/16/19,50,6,2/27/19,2019,6/4/19,,5.94,,,,UGA
Rcapito,561,gf3,2/16/19,50,6,2/27/19,2019,6/4/19,,5.25,,,,UGA
Rcapito,562,gf3,2/16/19,50,6,2/27/19,2019,6/4/19,,5.12,,,,UGA
Rcapito,563,gf3,2/16/19,50,6,2/27/19,2019,6/4/19,,5.45,,,,UGA
Rcapito,564,gf3,2/16/19,50,6,2/27/19,2019,6/4/19,,5.4,,,,UGA
Rcapito,565,gf3,2/16/19,50,6,2/27/19,2019,6/4/19,,5.09,,,,UGA
Rcapito,566,gf3,2/16/19,50,6,2/27/19,2019,6/4/19,,4.98,,,,UGA
Rcapito,567,gf3,2/16/19,50,6,2/27/19,2019,6/4/19,,4.91,,,,UGA
Rcapito,568,gf3,2/16/19,50,6,2/27/19,2019,6/4/19,,4.68,,,,UGA
Rcapito,569,gf3,2/16/19,50,6,2/27/19,2019,6/4/19,,5.34,,,,UGA
Rcapito,570,gf3,2/16/19,50,6,2/27/19,2019,6/4/19,,5.57,,,,UGA
Rcapito,571,gf3,2/16/19,50,6,2/27/19,2019,6/4/19,,4.04,,,,UGA
Rcapito,572,gf3,2/16/19,50,6,2/27/19,2019,6/4/19,,3.6,,,,UGA
Rcapito,573,gf3,2/16/19,50,6,2/27/19,2019,6/4/19,,5.06,,,,UGA
Rcapito,574,gf3,2/16/19,50,6,2/27/19,2019,6/4/19,,4.58,,,,UGA
Rcapito,649,gf3,2/16/19,50,6,2/27/19,2019,6/5/19,,6.64,,,,UGA
Rcapito,650,gf3,2/16/19,50,6,2/27/19,2019,6/5/19,,5.07,,,,UGA
Rcapito,651,gf3,2/16/19,50,6,2/27/19,2019,6/5/19,,4.61,,,,UGA
Rcapito,652,gf3,2/16/19,50,6,2/27/19,2019,6/5/19,,4.77,,,,UGA
Rcapito,727,gf3,2/16/19,50,6,2/27/19,2019,6/6/19,,4.76,,,,UGA
Rcapito,839,gf3,2/16/19,50,6,2/27/19,2019,6/8/19,,5.34,,,,UGA
Rcapito,884,gf3,2/16/19,50,6,2/27/19,2019,6/10/19,,4.1,,,,UGA
Rcapito,930,gf3,2/16/19,50,6,2/27/19,2019,6/11/19,,4.35,,,,UGA
Rcapito,931,gf3,2/16/19,50,6,2/27/19,2019,6/11/19,,5.65,,,,UGA
Rcapito,932,gf3,2/16/19,50,6,2/27/19,2019,6/11/19,,5.15,,,,UGA
Rcapito,994,gf3,2/16/19,50,6,2/27/19,2019,6/13/19,,6.28,,,,UGA
Rcapito,995,gf3,2/16/19,50,6,2/27/19,2019,6/13/19,,4.62,,,,UGA
Rcapito,996,gf3,2/16/19,50,6,2/27/19,2019,6/13/19,,5.68,,,,UGA
Rcapito,997,gf3,2/16/19,50,6,2/27/19,2019,6/13/19,,5.31,,,,UGA
Rcapito,1024,gf3,2/16/19,50,6,2/27/19,2019,6/14/19,,6.68,,,,UGA
Rcapito,1061,gf3,2/16/19,50,6,2/27/19,2019,6/16/19,,5.38,,,,UGA
Rcapito,1111,gf3,2/16/19,50,6,2/27/19,2019,6/18/19,,5.3,,,,UGA
Rcapito,1112,gf3,2/16/19,50,6,2/27/19,2019,6/18/19,,5.78,,,,UGA
Rcapito,1113,gf3,2/16/19,50,6,2/27/19,2019,6/18/19,,5.12,,,,UGA
Rcapito,1114,gf3,2/16/19,50,6,2/27/19,2019,6/18/19,,4.5,,,,UGA
Rcapito,1140,gf3,2/16/19,50,6,2/27/19,2019,6/18/19,,6.44,,,,UGA
Rcapito,1183,gf3,2/16/19,50,6,2/27/19,2019,6/20/19,,7.51,,,,UGA
Rcapito,337,gf1,2/16/19,50,7,2/27/19,2019,6/1/19,,5.55, , , ,UGA
Rcapito,338,gf1,2/16/19,50,7,2/27/19,2019,6/1/19,,5.63, , , ,UGA
Rcapito,379,gf1,2/16/19,50,7,2/27/19,2019,6/21/19,,5.6, , , ,UGA
Rcapito,380,gf1,2/16/19,50,7,2/27/19,2019,6/21/19,,6.08, , , ,UGA
Rcapito,450,gf1,2/16/19,50,7,2/27/19,2019,6/3/19,,5.56,,.5 CM TAIL,,UGA
Rcapito,339,gf1,2/16/19,50,7,2/27/19,2019,6/1/19,,6.29, ,0.5 CM TAIL, ,UGA
Rcapito,336,gf1,2/16/19,50,7,2/27/19,2019,6/1/19,,4.89, ,1 CM TAIL, ,UGA
Rcapito,750,gf1,2/16/19,50,7,2/27/19,2019,6/7/19,,5.04,,NDF,,UGA
Rcapito,451,gf1,2/16/19,50,7,2/27/19,2019,6/3/19,,5.58,,,,UGA
Rcapito,584,gf1,2/16/19,50,7,2/27/19,2019,6/4/19,,4.8,,,,UGA
Rcapito,585,gf1,2/16/19,50,7,2/27/19,2019,6/4/19,,5.13,,,,UGA
Rcapito,586,gf1,2/16/19,50,7,2/27/19,2019,6/4/19,,4.86,,,,UGA
Rcapito,587,gf1,2/16/19,50,7,2/27/19,2019,6/4/19,,5.22,,,,UGA
Rcapito,644,gf1,2/16/19,50,7,2/27/19,2019,6/5/19,,5.79,,,,UGA
Rcapito,645,gf1,2/16/19,50,7,2/27/19,2019,6/5/19,,5.13,,,,UGA
Rcapito,646,gf1,2/16/19,50,7,2/27/19,2019,6/5/19,,4.47,,,,UGA
Rcapito,647,gf1,2/16/19,50,7,2/27/19,2019,6/5/19,,5.15,,,,UGA
Rcapito,648,gf1,2/16/19,50,7,2/27/19,2019,6/5/19,,4.43,,,,UGA
Rcapito,711,gf1,2/16/19,50,7,2/27/19,2019,6/6/19,,5.8,,,,UGA
Rcapito,712,gf1,2/16/19,50,7,2/27/19,2019,6/6/19,,5.05,,,,UGA
Rcapito,713,gf1,2/16/19,50,7,2/27/19,2019,6/6/19,,5.28,,,,UGA
Rcapito,714,gf1,2/16/19,50,7,2/27/19,2019,6/6/19,,5.71,,,,UGA
Rcapito,751,gf1,2/16/19,50,7,2/27/19,2019,6/7/19,,5.42,,,,UGA
Rcapito,833,gf1,2/16/19,50,7,2/27/19,2019,6/8/19,,4.85,,,,UGA
Rcapito,834,gf1,2/16/19,50,7,2/27/19,2019,6/8/19,,5.29,,,,UGA
Rcapito,835,gf1,2/16/19,50,7,2/27/19,2019,6/8/19,,5.71,,,,UGA
Rcapito,836,gf1,2/16/19,50,7,2/27/19,2019,6/8/19,,4.97,,,,UGA
Rcapito,837,gf1,2/16/19,50,7,2/27/19,2019,6/8/19,,5.38,,,,UGA
Rcapito,838,gf1,2/16/19,50,7,2/27/19,2019,6/8/19,,4.7,,,,UGA
Rcapito,865,gf1,2/16/19,50,7,2/27/19,2019,6/8/19,,4.94,,,,UGA
Rcapito,866,gf1,2/16/19,50,7,2/27/19,2019,6/8/19,,5.11,,,,UGA
Rcapito,867,gf1,2/16/19,50,7,2/27/19,2019,6/8/19,,5.39,,,,UGA
Rcapito,879,gf1,2/16/19,50,7,2/27/19,2019,6/6/19,,4.62,,,,UGA
Rcapito,937,gf1,2/16/19,50,7,2/27/19,2019,6/11/19,,4.15,,,,UGA
Rcapito,938,gf1,2/16/19,50,7,2/27/19,2019,6/11/19,,4.88,,,,UGA
Rcapito,939,gf1,2/16/19,50,7,2/27/19,2019,6/11/19,,5.4,,,,UGA
Rcapito,940,gf1,2/16/19,50,7,2/27/19,2019,6/11/19,,4.65,,,,UGA
Rcapito,941,gf1,2/16/19,50,7,2/27/19,2019,6/11/19,,5.56,,,,UGA
Rcapito,998,gf1,2/16/19,50,7,2/27/19,2019,6/13/19,,4.76,,,,UGA
Rcapito,999,gf1,2/16/19,50,7,2/27/19,2019,6/13/19,,4.49,,,,UGA
Rcapito,1025,gf1,2/16/19,50,7,2/27/19,2019,6/14/19,,6.14,,,,UGA
Rcapito,1026,gf1,2/16/19,50,7,2/27/19,2019,6/14/19,,5.26,,,,UGA
Rcapito,1027,gf1,2/16/19,50,7,2/27/19,2019,6/14/19,,6.06,,,,UGA
Rcapito,1066,gf1,2/16/19,50,7,2/27/19,2019,6/16/19,,7.11,,,,UGA
Rcapito,1067,gf1,2/16/19,50,7,2/27/19,2019,6/16/19,,4.97,,,,UGA
Rcapito,1123,gf1,2/16/19,50,7,2/27/19,2019,6/18/19,,5.3,,,,UGA
Rcapito,63,gf2,2/16/19,50,8,2/27/19,2019,5/27/19,,5.65, , , ,UGA
Rcapito,64,gf2,2/16/19,50,8,2/27/19,2019,5/27/19,,4.84, , , ,UGA
Rcapito,65,gf2,2/16/19,50,8,2/27/19,2019,5/27/19,,5.02, , , ,UGA
Rcapito,66,gf2,2/16/19,50,8,2/27/19,2019,5/27/19,,5.13, , , ,UGA
Rcapito,67,gf2,2/16/19,50,8,2/27/19,2019,5/27/19,,4.6, , ,found dead 6/25 VT,UGA
Rcapito,90,gf2,2/16/19,50,8,2/27/19,2019,5/27/19,,5.45, , , ,UGA
Rcapito,114,gf2,2/16/19,50,8,2/27/19,2019,5/28/19,,5.06, , , ,UGA
Rcapito,115,gf2,2/16/19,50,8,2/27/19,2019,5/28/19,,6.4, , , ,UGA
Rcapito,116,gf2,2/16/19,50,8,2/27/19,2019,5/28/19,,4.62, , , ,UGA
Rcapito,117,gf2,2/16/19,50,8,2/27/19,2019,5/28/19,,5.73, , , ,UGA
Rcapito,118,gf2,2/16/19,50,8,2/27/19,2019,5/28/19,,4.39, , , ,UGA
Rcapito,119,gf2,2/16/19,50,8,2/27/19,2019,5/28/19,,6.01, , , ,UGA
Rcapito,120,gf2,2/16/19,50,8,2/27/19,2019,5/28/19,,5.69, , , ,UGA
Rcapito,121,gf2,2/16/19,50,8,2/27/19,2019,5/28/19,,5.74, , , ,UGA
Rcapito,122,gf2,2/16/19,50,8,2/27/19,2019,5/28/19,,6.06, , , ,UGA
Rcapito,148,gf2,2/16/19,50,8,2/27/19,2019,5/29/19,,5.36, , , ,UGA
Rcapito,149,gf2,2/16/19,50,8,2/27/19,2019,5/29/19,,4.71, , , ,UGA
Rcapito,150,gf2,2/16/19,50,8,2/27/19,2019,5/29/19,,5.09, , , ,UGA
Rcapito,151,gf2,2/16/19,50,8,2/27/19,2019,5/29/19,,4.59, , , ,UGA
Rcapito,152,gf2,2/16/19,50,8,2/27/19,2019,5/29/19,,5.55, , , ,UGA
Rcapito,172,gf2,2/16/19,50,8,2/27/19,2019,5/29/19,,6.92, , , ,UGA
Rcapito,173,gf2,2/16/19,50,8,2/27/19,2019,5/29/19,,5.72, , , ,UGA
Rcapito,174,gf2,2/16/19,50,8,2/27/19,2019,5/29/19,,6.39, , , ,UGA
Rcapito,175,gf2,2/16/19,50,8,2/27/19,2019,5/29/19,,5.92, , , ,UGA
Rcapito,182,gf2,2/16/19,50,8,2/27/19,2019,5/29/19,,5.74, , , ,UGA
Rcapito,203,gf2,2/16/19,50,8,2/27/19,2019,5/30/19,,5.11, , , ,UGA
Rcapito,204,gf2,2/16/19,50,8,2/27/19,2019,5/30/19,,5.17, , , ,UGA
Rcapito,205,gf2,2/16/19,50,8,2/27/19,2019,5/30/19,,5.54, , , ,UGA
Rcapito,261,gf2,2/16/19,50,8,2/27/19,2019,5/30/19,,5.72, , , ,UGA
Rcapito,262,gf2,2/16/19,50,8,2/27/19,2019,5/30/19,,5.52, , , ,UGA
Rcapito,265,gf2,2/16/19,50,8,2/27/19,2019,5/30/19,,5.03, , , ,UGA
Rcapito,330,gf2,2/16/19,50,8,2/27/19,2019,6/1/19,,4.4, , , ,UGA
Rcapito,331,gf2,2/16/19,50,8,2/27/19,2019,6/1/19,,5.23, , , ,UGA
Rcapito,333,gf2,2/16/19,50,8,2/27/19,2019,6/1/19,,4.99, , , ,UGA
Rcapito,334,gf2,2/16/19,50,8,2/27/19,2019,6/1/19,,5.51, , , ,UGA
Rcapito,335,gf2,2/16/19,50,8,2/27/19,2019,6/1/19,,4.87, , , ,UGA
Rcapito,381,gf2,2/16/19,50,8,2/27/19,2019,6/21/19,,5.77, , , ,UGA
Rcapito,382,gf2,2/16/19,50,8,2/27/19,2019,6/21/19,,4.86, , , ,UGA
Rcapito,383,gf2,2/16/19,50,8,2/27/19,2019,6/21/19,,5.05, , , ,UGA
Rcapito,332,gf2,2/16/19,50,8,2/27/19,2019,6/1/19,,5.89, ,1 CM TAIL, ,UGA
Rcapito,575,gf2,2/16/19,50,8,2/27/19,2019,6/4/19,,4.55,,,,UGA
Rcapito,576,gf2,2/16/19,50,8,2/27/19,2019,6/4/19,,5.91,,,,UGA
Rcapito,841,gf2,2/16/19,50,8,2/27/19,2019,6/8/19,,6.14,,,,UGA
Rcapito,842,gf2,2/16/19,50,8,2/27/19,2019,6/8/19,,4.42,,,,UGA
Rcapito,1023,gf2,2/16/19,50,8,2/27/19,2019,6/14/19,,6.91,,,,UGA
Rcapito,279,gf3,2/16/19,50,9,2/27/19,2019,5/31/19,,5.4, , NDF NE,dead 7/3,UGA
Rcapito,88,gf3,2/16/19,50,9,2/27/19,2019,5/27/19,,5.29, ,NDF, ,UGA
Rcapito,89,gf3,2/16/19,50,9,2/27/19,2019,5/27/19,,6.6, ,NDF, ,UGA
Rcapito,194,gf3,2/16/19,50,9,2/27/19,2019,5/30/19,,5.03, ,NDF, ,UGA
Rcapito,237,gf3,2/16/19,50,9,2/27/19,2019,5/30/19,,7.28, ,NDF, ,UGA
Rcapito,271,gf3,2/16/19,50,9,2/27/19,2019,5/31/19,,4.62, ,NDF, ,UGA
Rcapito,274,gf3,2/16/19,50,9,2/27/19,2019,5/31/19,,5.63, ,NDF, ,UGA
Rcapito,277,gf3,2/16/19,50,9,2/27/19,2019,5/31/19,,5.24, ,NDF , ,UGA
Rcapito,41,gf3,2/16/19,50,9,2/27/19,2019,5/27/19,,7.06, ,NDF eyes sunken, ,UGA
Rcapito,74,gf3,2/16/19,50,9,2/27/19,2019,5/27/19,,6.14, ,NDF NE,found dead 7/2,UGA
Rcapito,75,gf3,2/16/19,50,9,2/27/19,2019,5/27/19,,5.12, ,NDF NE,found dead 6/28,UGA
Rcapito,77,gf3,2/16/19,50,9,2/27/19,2019,5/28/19,,6.28, ,NDF NE, ,UGA
Rcapito,78,gf3,2/16/19,50,9,2/27/19,2019,5/28/19,,5.21, ,NDF NE,FOUND DEAD 7/4,UGA
Rcapito,87,gf3,2/16/19,50,9,2/27/19,2019,5/27/19,,5.75, ,NDF NE, ,UGA
Rcapito,192,gf3,2/16/19,50,9,2/27/19,2019,5/29/19,,5.91, ,NDF NE, ,UGA
Rcapito,236,gf3,2/16/19,50,9,2/27/19,2019,5/30/19,,5.59, ,NDF NE, ,UGA
Rcapito,238,gf3,2/16/19,50,9,2/27/19,2019,5/30/19,,5.18, ,NDF NE, ,UGA
Rcapito,239,gf3,2/16/19,50,9,2/27/19,2019,5/30/19,,6.12, ,NDF NE, ,UGA
Rcapito,272,gf3,2/16/19,50,9,2/27/19,2019,5/31/19,,4.68, ,NDF NE, ,UGA
Rcapito,273,gf3,2/16/19,50,9,2/27/19,2019,5/31/19,,5.6, ,NDF NE, ,UGA
Rcapito,275,gf3,2/16/19,50,9,2/27/19,2019,5/31/19,,5.17, ,NDF NE, ,UGA
Rcapito,276,gf3,2/16/19,50,9,2/27/19,2019,5/31/19,,4.07, ,NDF NE, ,UGA
Rcapito,278,gf3,2/16/19,50,9,2/27/19,2019,5/31/19,,4.73, ,NDF NE, ,UGA
Rcapito,280,gf3,2/16/19,50,9,2/27/19,2019,5/31/19,,6.12, ,NDF NE, ,UGA
Rcapito,340,gf3,2/16/19,50,9,2/27/19,2019,6/1/19,,4.95, ,NDF NE,dead 6/2,UGA
Rcapito,341,gf3,2/16/19,50,9,2/27/19,2019,6/1/19,,5.06, ,NDF NE, ,UGA
Rcapito,342,gf3,2/16/19,50,9,2/27/19,2019,6/1/19,,4.48, ,NDF NE, ,UGA
Rcapito,343,gf3,2/16/19,50,9,2/27/19,2019,6/1/19,,4.46, ,NDF NE, ,UGA
Rcapito,508,gf3,2/16/19,50,9,2/27/19,2019,6/3/19,,4.69,,NDF NE,,UGA
Rcapito,510,gf3,2/16/19,50,9,2/27/19,2019,6/3/19,,5.06,,NDF NE,,UGA
Rcapito,512,gf3,2/16/19,50,9,2/27/19,2019,6/3/19,,5.04,,NDF NE,,UGA
Rcapito,514,gf3,2/16/19,50,9,2/27/19,2019,6/3/19,,4.62,,NDF NE,,UGA
Rcapito,579,gf3,2/16/19,50,9,2/27/19,2019,6/4/19,,4.04,,NDF NE,,UGA
Rcapito,690,gf3,2/16/19,50,9,2/27/19,2019,6/6/19,,5,,NDF NE,,UGA
Rcapito,786,gf3,2/16/19,50,9,2/27/19,2019,6/8/19,,4.62,,NDF NE,,UGA
Rcapito,983,gf3,2/16/19,50,9,2/27/19,2019,6/13/19,,4.45,,NDF NE,,UGA
Rcapito,984,gf3,2/16/19,50,9,2/27/19,2019,6/13/19,,3.9,,NDF NE,,UGA
Rcapito,985,gf3,2/16/19,50,9,2/27/19,2019,6/13/19,,4.68,,NDF NE,,UGA
Rcapito,989,gf3,2/16/19,50,9,2/27/19,2019,6/13/19,,3.39,,NDF NE,,UGA
Rcapito,1095,gf3,2/16/19,50,9,2/27/19,2019,6/10/19,,4.42,,NDF NE,,UGA
Rcapito,511,gf3,2/16/19,50,9,2/27/19,2019,6/3/19,,4.66,,NDF NE ,,UGA
Rcapito,509,gf3,2/16/19,50,9,2/27/19,2019,6/3/19,,4.17,,NDF NE GILL,,UGA
Rcapito,513,gf3,2/16/19,50,9,2/27/19,2019,6/3/19,,4.27,,NDF NE GILL,,UGA
Rcapito,515,gf3,2/16/19,50,9,2/27/19,2019,6/3/19,,4.31,,NDF NE GILL,EUTHANIZED 6/4,UGA
Rcapito,1192,gf3,2/16/19,50,9,2/27/19,2019,6/21/19,,6.16,,NDF NE GILL,,UGA
Rcapito,40,gf3,2/16/19,50,9,2/27/19,2019,5/27/19,,6.67, ,NE, ,UGA
Rcapito,625,gf3,2/16/19,50,9,2/27/19,2019,6/2/19,,--,,NE GILLS (HEALED 6/4),,UGA
Rcapito,981,gf3,2/16/19,50,9,2/27/19,2019,6/10/19,,4.24,,,,UGA
Rcapito,1193,gf3,2/16/19,50,9,2/27/19,2019,6/21/19,,4.74,,,,UGA
Rcapito,83,gf1,2/16/19,50,10,2/27/19,2019,5/28/19,,7.32, , , ,UGA
Rcapito,76,gf1,2/16/19,50,10,2/27/19,2019,5/27/19,,5.29, ,NDF, ,UGA
Rcapito,79,gf1,2/16/19,50,10,2/27/19,2019,5/28/19,,7.38, ,NDF, ,UGA
Rcapito,80,gf1,2/16/19,50,10,2/27/19,2019,5/28/19,,6.17, ,NDF, ,UGA
Rcapito,81,gf1,2/16/19,50,10,2/27/19,2019,5/28/19,,5.75, ,NDF, ,UGA
Rcapito,82,gf1,2/16/19,50,10,2/27/19,2019,5/28/19,,5.74, ,NDF, ,UGA
Rcapito,91,gf1,2/16/19,50,10,2/27/19,2019,5/27/19,,5.02, ,NDF, ,UGA
Rcapito,92,gf1,2/16/19,50,10,2/27/19,2019,5/28/19,,6.35, ,NDF, ,UGA
Rcapito,177,gf1,2/16/19,50,10,2/27/19,2019,5/29/19,,4.96, ,NDF, ,UGA
Rcapito,178,gf1,2/16/19,50,10,2/27/19,2019,5/29/19,,5.28, ,NDF, ,UGA
Rcapito,213,gf1,2/16/19,50,10,2/27/19,2019,5/30/19,,6.1, ,NDF, ,UGA
Rcapito,214,gf1,2/16/19,50,10,2/27/19,2019,5/30/19,,5.4, ,NDF, ,UGA
Rcapito,215,gf1,2/16/19,50,10,2/27/19,2019,5/30/19,,5.52, ,NDF, ,UGA
Rcapito,231,gf1,2/16/19,50,10,2/27/19,2019,5/30/19,,6.12, ,NDF, ,UGA
Rcapito,233,gf1,2/16/19,50,10,2/27/19,2019,5/30/19,,5.4, ,NDF, ,UGA
Rcapito,234,gf1,2/16/19,50,10,2/27/19,2019,5/30/19,,6.03, ,NDF, ,UGA
Rcapito,235,gf1,2/16/19,50,10,2/27/19,2019,5/30/19,,6.5, ,NDF, ,UGA
Rcapito,288,gf1,2/16/19,50,10,2/27/19,2019,5/31/19,,6.22, ,NDF, ,UGA
Rcapito,321,gf1,2/16/19,50,10,2/27/19,2019,5/31/19,,5.89, ,NDF, ,UGA
Rcapito,475,gf1,2/16/19,50,10,2/27/19,2019,6/3/19,,5.06,,NDF,,UGA
Rcapito,840,gf1,2/16/19,50,10,2/27/19,2019,6/8/19,,4.25,,NDF,,UGA
Rcapito,954,gf1,2/16/19,50,10,2/27/19,2019,6/11/19,,4.2,,NDF,,UGA
Rcapito,955,gf1,2/16/19,50,10,2/27/19,2019,6/11/19,,4.26,,NDF,,UGA
Rcapito,848,gf1,2/16/19,50,10,2/27/19,2019,6/8/19,,6.09,,NDF GILL,,UGA
Rcapito,232,gf1,2/16/19,50,10,2/27/19,2019,5/30/19,,5.98, ,NDF NE, ,UGA
Rcapito,391,gf1,2/16/19,50,10,2/27/19,2019,6/21/19,,4.34, ,NDF NE, ,UGA
Rcapito,392,gf1,2/16/19,50,10,2/27/19,2019,6/21/19,,3.05, ,NDF NE,7/4 FOUND DEAD,UGA
Rcapito,393,gf1,2/16/19,50,10,2/27/19,2019,6/21/19,,4.07, ,NDF NE, ,UGA
Rcapito,953,gf1,2/16/19,50,10,2/27/19,2019,6/11/19,,4.06,,NDF NE,,UGA
Rcapito,1048,gf1,2/16/19,50,10,2/27/19,2019,6/15/19,,4.79,,NDF NE,,UGA
Rcapito,675,gf1,2/16/19,50,10,2/27/19,2019,6/5/19,,4.02,,NDF NE GILL,EUTHANIZED 6/5,UGA
Rcapito,676,gf1,2/16/19,50,10,2/27/19,2019,6/5/19,,2.8,,NDF NE GILL,EUTHANIZED 6/5,UGA
Rcapito,846,gf1,2/16/19,50,10,2/27/19,2019,6/8/19,,4.98,,NDF NE GILL,,UGA
Rcapito,847,gf1,2/16/19,50,10,2/27/19,2019,6/8/19,,3.78,,NDF NE GILL,,UGA
Rcapito,289,gf1,2/16/19,50,10,2/27/19,2019,5/31/19,,4.64, ,NDF NE healed 6/28, ,UGA
Rcapito,674,gf1,2/16/19,50,10,2/27/19,2019,6/5/19,,5.34,,"NDF, JAW UNDERDEVELOPED",,UGA
Rcapito,603,gf1,2/16/19,50,10,2/27/19,2019,6/4/19,,5.46,,,,UGA
Rcapito,1195,gf1,2/16/19,50,10,2/27/19,2019,6/21/19,,3.61,,,,UGA
Rcapito,821,gf2,2/16/19,50,11,2/27/19,2019,6/8/19,,6.08,,JUMPED ON FLOOR,,UGA
Rcapito,447,gf2,2/16/19,50,11,2/27/19,2019,6/3/19,,4.8,,,,UGA
Rcapito,448,gf2,2/16/19,50,11,2/27/19,2019,6/3/19,,6.1,,,,UGA
Rcapito,449,gf2,2/16/19,50,11,2/27/19,2019,6/3/19,,5.76,,,,UGA
Rcapito,641,gf2,2/16/19,50,11,2/27/19,2019,6/5/19,,5.36,,,,UGA
Rcapito,642,gf2,2/16/19,50,11,2/27/19,2019,6/5/19,,5,,,DEAD 6/13,UGA
Rcapito,643,gf2,2/16/19,50,11,2/27/19,2019,6/5/19,,5.31,,,,UGA
Rcapito,738,gf2,2/16/19,50,11,2/27/19,2019,6/7/19,,4.66,,,,UGA
Rcapito,739,gf2,2/16/19,50,11,2/27/19,2019,6/7/19,,6.25,,,,UGA
Rcapito,740,gf2,2/16/19,50,11,2/27/19,2019,6/7/19,,5.09,,,DEAD 6/12,UGA
Rcapito,741,gf2,2/16/19,50,11,2/27/19,2019,6/7/19,,5.55,,,,UGA
Rcapito,742,gf2,2/16/19,50,11,2/27/19,2019,6/7/19,,4.36,,,,UGA
Rcapito,743,gf2,2/16/19,50,11,2/27/19,2019,6/7/19,,4.96,,,,UGA
Rcapito,744,gf2,2/16/19,50,11,2/27/19,2019,6/7/19,,4.33,,,,UGA
Rcapito,745,gf2,2/16/19,50,11,2/27/19,2019,6/7/19,,5.63,,,,UGA
Rcapito,822,gf2,2/16/19,50,11,2/27/19,2019,6/8/19,,5.07,,,,UGA
Rcapito,831,gf2,2/16/19,50,11,2/27/19,2019,6/8/19,,4.9,,,,UGA
Rcapito,832,gf2,2/16/19,50,11,2/27/19,2019,6/8/19,,5.68,,,,UGA
Rcapito,885,gf2,2/16/19,50,11,2/27/19,2019,6/10/19,,6.26,,,,UGA
Rcapito,924,gf2,2/16/19,50,11,2/27/19,2019,6/11/19,,5.59,,,,UGA
Rcapito,925,gf2,2/16/19,50,11,2/27/19,2019,6/11/19,,5.39,,,,UGA
Rcapito,967,gf2,2/16/19,50,11,2/27/19,2019,6/12/19,,5.17,,,,UGA
Rcapito,968,gf2,2/16/19,50,11,2/27/19,2019,6/12/19,,5.27,,,,UGA
Rcapito,1068,gf2,2/16/19,50,11,2/27/19,2019,6/16/19,,6.38,,,,UGA
Rcapito,1069,gf2,2/16/19,50,11,2/27/19,2019,6/16/19,,4.99,,,,UGA
Rcapito,1070,gf2,2/16/19,50,11,2/27/19,2019,6/16/19,,7.4,,,,UGA
Rcapito,1071,gf2,2/16/19,50,11,2/27/19,2019,6/16/19,,5.46,,,,UGA
Rcapito,1072,gf2,2/16/19,50,11,2/27/19,2019,6/16/19,,6.09,,,DEAD 6/25,UGA
Rcapito,1124,gf2,2/16/19,50,11,2/27/19,2019,6/18/19,,5.57,,,,UGA
Rcapito,1141,gf2,2/16/19,50,11,2/27/19,2019,6/18/19,,7.29,,,,UGA
Rcapito,1142,gf2,2/16/19,50,11,2/27/19,2019,6/18/19,,6.84,,,,UGA
Rcapito,1143,gf2,2/16/19,50,11,2/27/19,2019,6/18/19,,6.67,,,,UGA
Rcapito,1144,gf2,2/16/19,50,11,2/27/19,2019,6/18/19,,6.19,,,,UGA
Rcapito,1156,gf2,2/16/19,50,11,2/27/19,2019,6/20/19,,8.68,,,,UGA
Rcapito,1157,gf2,2/16/19,50,11,2/27/19,2019,6/20/19,,6.51,,,,UGA
Rcapito,1158,gf2,2/16/19,50,11,2/27/19,2019,6/20/19,,8.22,,,,UGA
Rcapito,1159,gf2,2/16/19,50,11,2/27/19,2019,6/20/19,,9.73,,,,UGA
Rcapito,1160,gf2,2/16/19,50,11,2/27/19,2019,6/20/19,,7.17,,,,UGA
Rcapito,1161,gf2,2/16/19,50,11,2/27/19,2019,6/20/19,,6.41,,,,UGA
Rcapito,1162,gf2,2/16/19,50,11,2/27/19,2019,6/20/19,,6.86,,,,UGA
Rcapito,1207,gf2,2/16/19,50,11,2/27/19,2019,6/22/19,,9.06,,,,UGA
Rcapito,1208,gf2,2/16/19,50,11,2/27/19,2019,6/22/19,,9.67,,,DEAD 6/29,UGA
Rcapito,1212,gf2,2/16/19,50,11,2/27/19,2019,6/18/19,,6.53,,,,UGA
Rcapito,1214,gf2,2/16/19,50,11,2/27/19,2019,6/23/19,,10.8,,,,UGA
Rcapito,1229,gf2,2/16/19,50,11,2/27/19,2019,6/23/19,,8.31,,,,UGA
Rcapito,1230,gf2,2/16/19,50,11,2/27/19,2019,6/27/19,,7.65,,,,UGA
Rcapito,1231,gf2,2/16/19,50,11,2/27/19,2019,6/27/19,,8.32,,,,UGA
Rcapito,1232,gf2,2/16/19,50,11,2/27/19,2019,6/27/19,,6.08,,,,UGA
Rcapito,1233,gf2,2/16/19,50,11,2/27/19,2019,6/27/19,,8.68,,,DEAD 7/1,UGA
Rcapito,1244,gf2,2/16/19,50,11,2/27/19,2019,7/1/19,,9.77,,,,UGA
Rcapito,1254,gf2,2/16/19,50,11,2/27/19,2019,7/3/19,,7.36,,,,UGA
Rcapito,1255,gf2,2/16/19,50,11,2/27/19,2019,7/3/19,,6.43,,,,UGA
Rcapito,1,gf3,2/16/19,50,12,2/27/19,2019,5/26/19,,3.94, , , ,UGA
Rcapito,2,gf3,2/16/19,50,12,2/27/19,2019,5/26/19,,4.61, , , ,UGA
Rcapito,42,gf3,2/16/19,50,12,2/27/19,2019,5/27/19,,5.15, , , ,UGA
Rcapito,43,gf3,2/16/19,50,12,2/27/19,2019,5/27/19,,4.83, , , ,UGA
Rcapito,44,gf3,2/16/19,50,12,2/27/19,2019,5/27/19,,4.63, , , ,UGA
Rcapito,45,gf3,2/16/19,50,12,2/27/19,2019,5/27/19,,4.97, , , ,UGA
Rcapito,46,gf3,2/16/19,50,12,2/27/19,2019,5/27/19,,5.39, , , ,UGA
Rcapito,94,gf3,2/16/19,50,12,2/27/19,2019,5/28/19,,6.01, , , ,UGA
Rcapito,95,gf3,2/16/19,50,12,2/27/19,2019,5/28/19,,5.11, , , ,UGA
Rcapito,96,gf3,2/16/19,50,12,2/27/19,2019,5/28/19,,5.08, , , ,UGA
Rcapito,97,gf3,2/16/19,50,12,2/27/19,2019,5/28/19,,4.43, , , ,UGA
Rcapito,98,gf3,2/16/19,50,12,2/27/19,2019,5/28/19,,5.13, , , ,UGA
Rcapito,99,gf3,2/16/19,50,12,2/27/19,2019,5/28/19,,5.66, , , ,UGA
Rcapito,100,gf3,2/16/19,50,12,2/27/19,2019,5/28/19,,4.36, , , ,UGA
Rcapito,101,gf3,2/16/19,50,12,2/27/19,2019,5/28/19,,5.11, , , ,UGA
Rcapito,102,gf3,2/16/19,50,12,2/27/19,2019,5/28/19,,4.82, , , ,UGA
Rcapito,153,gf3,2/16/19,50,12,2/27/19,2019,5/29/19,,4.26, , ,dead 5/30,UGA
Rcapito,168,gf3,2/16/19,50,12,2/27/19,2019,5/29/19,,5.04, , ,Dead 5/30,UGA
Rcapito,169,gf3,2/16/19,50,12,2/27/19,2019,5/29/19,,5.04, , , ,UGA
Rcapito,170,gf3,2/16/19,50,12,2/27/19,2019,5/29/19,,4.74, , , ,UGA
Rcapito,171,gf3,2/16/19,50,12,2/27/19,2019,5/29/19,,4.03, , , ,UGA
Rcapito,201,gf3,2/16/19,50,12,2/27/19,2019,5/30/19,,4.73, , , ,UGA
Rcapito,202,gf3,2/16/19,50,12,2/27/19,2019,5/30/19,,4.53, , , ,UGA
Rcapito,267,gf3,2/16/19,50,12,2/27/19,2019,5/30/19,,5.36, , , ,UGA
Rcapito,84,gf3,2/16/19,50,12,2/27/19,2019,5/28/19,,5.11, ,NDF, ,UGA
Rcapito,93,gf3,2/16/19,50,12,2/27/19,2019,5/28/19,,6.3, ,NDF, ,UGA
Rcapito,580,gf3,2/16/19,50,12,2/27/19,2019,6/4/19,,4.38,,,,UGA
Rcapito,581,gf3,2/16/19,50,12,2/27/19,2019,6/4/19,,4.36,,,,UGA
Rcapito,582,gf3,2/16/19,50,12,2/27/19,2019,6/4/19,,4.1,,,,UGA
Rcapito,583,gf3,2/16/19,50,12,2/27/19,2019,6/4/19,,5.84,,,,UGA
Rcapito,728,gf3,2/16/19,50,12,2/27/19,2019,6/6/19,,5.47,,,,UGA
Rcapito,729,gf3,2/16/19,50,12,2/27/19,2019,6/6/19,,6.13,,,,UGA
Rcapito,820,gf3,2/16/19,50,12,2/27/19,2019,6/8/19,,4.39,,,,UGA
Rcapito,886,gf3,2/16/19,50,12,2/27/19,2019,6/10/19,,4.95,,,,UGA
Rcapito,887,gf3,2/16/19,50,12,2/27/19,2019,6/10/19,,4.39,,,,UGA
Rcapito,969,gf3,2/16/19,50,12,2/27/19,2019,6/12/19,,6.2,,,,UGA
Rcapito,970,gf3,2/16/19,50,12,2/27/19,2019,6/12/19,,4.16,,,,UGA
Rcapito,1138,gf3,2/16/19,50,12,2/27/19,2019,6/18/19,,7.38,,,,UGA
Rcapito,1139,gf3,2/16/19,50,12,2/27/19,2019,6/18/19,,6.53,,,,UGA
Rcapito,1174,gf3,2/16/19,50,12,2/27/19,2019,6/20/19,,8.11,,,,UGA
Rcapito,1175,gf3,2/16/19,50,12,2/27/19,2019,6/20/19,,6.35,,,,UGA
Rcapito,3,gf1,2/16/19,50,13,2/27/19,2019,5/26/19,,5.5, , , ,UGA
Rcapito,4,gf1,2/16/19,50,13,2/27/19,2019,5/26/19,,6.21, , , ,UGA
Rcapito,5,gf1,2/16/19,50,13,2/27/19,2019,5/26/19,,5.67, , , ,UGA
Rcapito,7,gf1,2/16/19,50,13,2/27/19,2019,5/26/19,,3.89, , , ,UGA
Rcapito,27,gf1,2/16/19,50,13,2/27/19,2019,5/27/19,,4.26, , , ,UGA
Rcapito,28,gf1,2/16/19,50,13,2/27/19,2019,5/27/19,,5.28, , , ,UGA
Rcapito,30,gf1,2/16/19,50,13,2/27/19,2019,5/27/19,,4.72, , , ,UGA
Rcapito,103,gf1,2/16/19,50,13,2/27/19,2019,5/28/19,,5.63, , , ,UGA
Rcapito,141,gf1,2/16/19,50,13,2/27/19,2019,5/29/19,,5.34, , , ,UGA
Rcapito,144,gf1,2/16/19,50,13,2/27/19,2019,5/29/19,,4.74, , , ,UGA
Rcapito,297,gf1,2/16/19,50,13,2/27/19,2019,5/31/19,,5.06, , , ,UGA
Rcapito,1099,gf1,2/16/19,50,13,2/27/19,2019,6/17/19,,6.55,,GILL,,UGA
Rcapito,33,gf1,2/16/19,50,13,2/27/19,2019,5/27/19,,5.6, ,healed by 5/30, ,UGA
Rcapito,6,gf1,2/16/19,50,13,2/27/19,2019,5/26/19,,4.92, ,NDF, ,UGA
Rcapito,8,gf1,2/16/19,50,13,2/27/19,2019,5/26/19,,5.9, ,NDF, ,UGA
Rcapito,25,gf1,2/16/19,50,13,2/27/19,2019,5/27/19,,4.42, ,NDF, ,UGA
Rcapito,26,gf1,2/16/19,50,13,2/27/19,2019,5/27/19,,4.53, ,NDF, ,UGA
Rcapito,29,gf1,2/16/19,50,13,2/27/19,2019,5/27/19,,4.59, ,NDF, ,UGA
Rcapito,31,gf1,2/16/19,50,13,2/27/19,2019,5/27/19,,5.82, ,NDF, ,UGA
Rcapito,32,gf1,2/16/19,50,13,2/27/19,2019,5/27/19,,5.76, ,NDF, ,UGA
Rcapito,85,gf1,2/16/19,50,13,2/27/19,2019,5/28/19,,4.91, ,NDF, ,UGA
Rcapito,142,gf1,2/16/19,50,13,2/27/19,2019,5/29/19,,5.13, ,NDF, ,UGA
Rcapito,143,gf1,2/16/19,50,13,2/27/19,2019,5/29/19,,5.22, ,NDF,Escaped - found dead,UGA
Rcapito,145,gf1,2/16/19,50,13,2/27/19,2019,5/29/19,,5.3, ,NDF, ,UGA
Rcapito,146,gf1,2/16/19,50,13,2/27/19,2019,5/29/19,,4.65, ,NDF, ,UGA
Rcapito,147,gf1,2/16/19,50,13,2/27/19,2019,5/29/19,,5.27, ,NDF, ,UGA
Rcapito,212,gf1,2/16/19,50,13,2/27/19,2019,5/30/19,,5.45, ,NDF, ,UGA
Rcapito,217,gf1,2/16/19,50,13,2/27/19,2019,5/30/19,,5.33, ,NDF, ,UGA
Rcapito,218,gf1,2/16/19,50,13,2/27/19,2019,5/30/19,,3.51, ,NDF, ,UGA
Rcapito,219,gf1,2/16/19,50,13,2/27/19,2019,5/30/19,,5.23, ,NDF, ,UGA
Rcapito,245,gf1,2/16/19,50,13,2/27/19,2019,5/30/19,,5.25, ,NDF, ,UGA
Rcapito,296,gf1,2/16/19,50,13,2/27/19,2019,5/31/19,,5.27, ,NDF, ,UGA
Rcapito,298,gf1,2/16/19,50,13,2/27/19,2019,5/31/19,,4, ,NDF, ,UGA
Rcapito,299,gf1,2/16/19,50,13,2/27/19,2019,5/31/19,,3.85, ,NDF, ,UGA
Rcapito,359,gf1,2/16/19,50,13,2/27/19,2019,6/1/19,,4.81, ,NDF, ,UGA
Rcapito,592,gf1,2/16/19,50,13,2/27/19,2019,6/4/19,,4.71,,NDF,,UGA
Rcapito,668,gf1,2/16/19,50,13,2/27/19,2019,6/5/19,,5.31,,NDF,,UGA
Rcapito,752,gf1,2/16/19,50,13,2/27/19,2019,6/7/19,,3.7,,NDF,,UGA
Rcapito,753,gf1,2/16/19,50,13,2/27/19,2019,6/7/19,,4.55,,NDF,,UGA
Rcapito,958,gf1,2/16/19,50,13,2/27/19,2019,6/11/19,,3.66,,NDF,,UGA
Rcapito,360,gf1,2/16/19,50,13,2/27/19,2019,6/1/19,,4.02, ,NDF , ,UGA
Rcapito,361,gf1,2/16/19,50,13,2/27/19,2019,6/1/19,,4.88, ,NDF 1CM TAIL, ,UGA
Rcapito,474,gf1,2/16/19,50,13,2/27/19,2019,6/3/19,,4.03,,NDF NE,,UGA
Rcapito,1053,gf1,2/16/19,50,13,2/27/19,2019,6/15/19,,4.88,,NDF NE,,UGA
Rcapito,1098,gf1,2/16/19,50,13,2/27/19,2019,6/17/19,,5.51,,NE,,UGA
Rcapito,593,gf1,2/16/19,50,13,2/27/19,2019,6/4/19,,4.52,,,,UGA
Rcapito,869,gf1,2/16/19,50,13,2/27/19,2019,6/9/19,,4.2,,,,UGA
Rcapito,1096,gf1,2/16/19,50,13,2/27/19,2019,6/17/19,,5.17,,,,UGA
Rcapito,1097,gf1,2/16/19,50,13,2/27/19,2019,6/17/19,,5.63,,,,UGA
Rcapito,39,gf2,2/16/19,50,14,2/27/19,2019,5/27/19,,6.03, , , ,UGA
Rcapito,104,gf2,2/16/19,50,14,2/27/19,2019,5/28/19,,4.58, , , ,UGA
Rcapito,154,gf2,2/16/19,50,14,2/27/19,2019,5/29/19,,3.75, , , ,UGA
Rcapito,160,gf2,2/16/19,50,14,2/27/19,2019,5/29/19,,5.75, , , ,UGA
Rcapito,195,gf2,2/16/19,50,14,2/27/19,2019,5/30/19,,4.9, , , ,UGA
Rcapito,220,gf2,2/16/19,50,14,2/27/19,2019,5/30/19,,5.34, , , ,UGA
Rcapito,221,gf2,2/16/19,50,14,2/27/19,2019,5/30/19,,5.33, , , ,UGA
Rcapito,264,gf2,2/16/19,50,14,2/27/19,2019,5/30/19,,6, , , ,UGA
Rcapito,266,gf2,2/16/19,50,14,2/27/19,2019,5/30/19,,3.17, , , ,UGA
Rcapito,290,gf2,2/16/19,50,14,2/27/19,2019,5/31/19,,4.73, , , ,UGA
Rcapito,291,gf2,2/16/19,50,14,2/27/19,2019,5/31/19,,4.78, , , ,UGA
Rcapito,292,gf2,2/16/19,50,14,2/27/19,2019,5/31/19,,5.27, , , ,UGA
Rcapito,293,gf2,2/16/19,50,14,2/27/19,2019,5/31/19,,4.92, , , ,UGA
Rcapito,294,gf2,2/16/19,50,14,2/27/19,2019,5/31/19,,5.82, , , ,UGA
Rcapito,295,gf2,2/16/19,50,14,2/27/19,2019,5/31/19,,3.85, , , ,UGA
Rcapito,411,gf2,2/16/19,50,14,2/27/19,2019,6/21/19,,5.71, , , ,UGA
Rcapito,413,gf2,2/16/19,50,14,2/27/19,2019,6/21/19,,4.78, , , ,UGA
Rcapito,155,gf2,2/16/19,50,14,2/27/19,2019,5/29/19,,5.51, ,Bloated,Found dead 5/31,UGA
Rcapito,410,gf2,2/16/19,50,14,2/27/19,2019,6/21/19,,3.71, ,NDF, ,UGA
Rcapito,412,gf2,2/16/19,50,14,2/27/19,2019,6/21/19,,4.06, ,NDF, ,UGA
Rcapito,476,gf2,2/16/19,50,14,2/27/19,2019,6/3/19,,4.31,,NDF,,UGA
Rcapito,477,gf2,2/16/19,50,14,2/27/19,2019,6/3/19,,5.31,,NDF,,UGA
Rcapito,1033,gf2,2/16/19,50,14,2/27/19,2019,6/14/19,,4.33,,NDF,,UGA
Rcapito,1180,gf2,2/16/19,50,14,2/27/19,2019,6/20/19,,4.82,,NDF,,UGA
Rcapito,222,gf2,2/16/19,50,14,2/27/19,2019,5/30/19,,4.97, ,NDF NE, ,UGA
Rcapito,1181,gf2,2/16/19,50,14,2/27/19,2019,6/20/19,,5.23,,NDF NE,,UGA
Rcapito,546,gf2,2/16/19,50,14,2/27/19,2019,6/4/19,,3.7,,,,UGA
Rcapito,547,gf2,2/16/19,50,14,2/27/19,2019,6/4/19,,4.2,,,,UGA
Rcapito,548,gf2,2/16/19,50,14,2/27/19,2019,6/4/19,,4.26,,,,UGA
Rcapito,549,gf2,2/16/19,50,14,2/27/19,2019,6/4/19,,3.99,,,,UGA
Rcapito,550,gf2,2/16/19,50,14,2/27/19,2019,6/4/19,,4.71,,,,UGA
Rcapito,693,gf2,2/16/19,50,14,2/27/19,2019,6/6/19,,4.5,,,,UGA
Rcapito,811,gf2,2/16/19,50,14,2/27/19,2019,6/8/19,,3.35,,,,UGA
Rcapito,812,gf2,2/16/19,50,14,2/27/19,2019,6/8/19,,4.79,,,,UGA
Rcapito,813,gf2,2/16/19,50,14,2/27/19,2019,6/8/19,,3.83,,,,UGA
Rcapito,823,gf2,2/16/19,50,14,2/27/19,2019,6/8/19,,4.67,,,,UGA
Rcapito,824,gf2,2/16/19,50,14,2/27/19,2019,6/8/19,,2.67,,,,UGA
Rcapito,971,gf2,2/16/19,50,14,2/27/19,2019,6/12/19,,4.79,,,,UGA
Rcapito,107,gf3,2/16/19,50,15,2/27/19,2019,5/28/19,,5.95, , , ,UGA
Rcapito,108,gf3,2/16/19,50,15,2/27/19,2019,5/28/19,,4.46, , , ,UGA
Rcapito,109,gf3,2/16/19,50,15,2/27/19,2019,5/28/19,,6.17, , , ,UGA
Rcapito,110,gf3,2/16/19,50,15,2/27/19,2019,5/28/19,,4.62, , , ,UGA
Rcapito,111,gf3,2/16/19,50,15,2/27/19,2019,5/28/19,,4.71, , , ,UGA
Rcapito,112,gf3,2/16/19,50,15,2/27/19,2019,5/28/19,,5.31, , , ,UGA
Rcapito,113,gf3,2/16/19,50,15,2/27/19,2019,5/28/19,,5.27, , , ,UGA
Rcapito,106,gf3,2/16/19,50,15,2/27/19,2019,5/28/19,,4.9, ,NDF, ,UGA
Rcapito,478,gf3,2/16/19,50,15,2/27/19,2019,6/3/19,,5.87,,NDF,,UGA
Rcapito,756,gf3,2/16/19,50,15,2/27/19,2019,6/7/19,,4.52,,NDF,,UGA
Rcapito,228,gf3,2/16/19,50,15,2/27/19,2019,5/30/19,,4.85, ,NDF NE, ,UGA
Rcapito,229,gf3,2/16/19,50,15,2/27/19,2019,5/30/19,,6.11, ,NDF NE, ,UGA
Rcapito,305,gf3,2/16/19,50,15,2/27/19,2019,5/31/19,,5.11, ,NDF NE, ,UGA
Rcapito,306,gf3,2/16/19,50,15,2/27/19,2019,5/31/19,,3.82, ,NDF NE, ,UGA
Rcapito,307,gf3,2/16/19,50,15,2/27/19,2019,5/31/19,,5.57, ,NDF NE, ,UGA
Rcapito,308,gf3,2/16/19,50,15,2/27/19,2019,5/31/19,,5.44, ,NDF NE,dead 6/4,UGA
Rcapito,309,gf3,2/16/19,50,15,2/27/19,2019,5/31/19,,6.28, ,NDF NE, ,UGA
Rcapito,403,gf3,2/16/19,50,15,2/27/19,2019,6/21/19,,4.92, ,NDF NE, ,UGA
Rcapito,404,gf3,2/16/19,50,15,2/27/19,2019,6/21/19,,5.26, ,NDF NE, ,UGA
Rcapito,479,gf3,2/16/19,50,15,2/27/19,2019,6/3/19,,2.71,,NDF NE,,UGA
Rcapito,483,gf3,2/16/19,50,15,2/27/19,2019,6/3/19,,3.99,,NDF NE,,UGA
Rcapito,909,gf3,2/16/19,50,15,2/27/19,2019,6/10/19,,3.79,,NDF NE,,UGA
Rcapito,910,gf3,2/16/19,50,15,2/27/19,2019,6/10/19,,3.16,,NDF NE,,UGA
Rcapito,1050,gf3,2/16/19,50,15,2/27/19,2019,6/15/19,,4.31,,NDF NE,,UGA
Rcapito,1135,gf3,2/16/19,50,15,2/27/19,2019,6/16/19,,3.86,,NDF NE,,UGA
Rcapito,482,gf3,2/16/19,50,15,2/27/19,2019,6/3/19,,3.54,,NDF NE 0.5 CM TAIL,,UGA
Rcapito,484,gf3,2/16/19,50,15,2/27/19,2019,6/3/19,,5.03,,NDF NE 0.5 CM TAIL,,UGA
Rcapito,653,gf3,2/16/19,50,15,2/27/19,2019,6/5/19,,3.23,,NDF NE GILL,EUTHANIZED 6/5,UGA
Rcapito,654,gf3,2/16/19,50,15,2/27/19,2019,6/5/19,,3.81,,NDF NE GILL,,UGA
Rcapito,1101,gf3,2/16/19,50,15,2/27/19,2019,6/12/19,,4.45,,NDF NE GILL,,UGA
Rcapito,1102,gf3,2/16/19,50,15,2/27/19,2019,6/12/19,,3.28,,NDF NE GILL,,UGA
Rcapito,1103,gf3,2/16/19,50,15,2/27/19,2019,6/12/19,,4.28,,NDF NE GILL,,UGA
Rcapito,1205,gf3,2/16/19,50,15,2/27/19,2019,6/21/19,,4.85,,NDF NE GILL,,UGA
Rcapito,1206,gf3,2/16/19,50,15,2/27/19,2019,6/21/19,,4.73,,NDF NE GILL,,UGA
Rcapito,655,gf3,2/16/19,50,15,2/27/19,2019,6/5/19,,4.1,,,,UGA
Rcapito,936,gf3,2/16/19,50,15,2/27/19,2019,6/7/19,,3.97,,,,UGA
Rcapito,47,gf1,2/16/19,50,16,2/27/19,2019,5/27/19,,4.32, , , ,UGA
Rcapito,48,gf1,2/16/19,50,16,2/27/19,2019,5/27/19,,4.7, , , ,UGA
Rcapito,123,gf1,2/16/19,50,16,2/27/19,2019,5/28/19,,4.97, , , ,UGA
Rcapito,124,gf1,2/16/19,50,16,2/27/19,2019,5/28/19,,5.06, , , ,UGA
Rcapito,125,gf1,2/16/19,50,16,2/27/19,2019,5/28/19,,5.12, , , ,UGA
Rcapito,126,gf1,2/16/19,50,16,2/27/19,2019,5/28/19,,4.03, , , ,UGA
Rcapito,127,gf1,2/16/19,50,16,2/27/19,2019,5/28/19,,5.65, , , ,UGA
Rcapito,128,gf1,2/16/19,50,16,2/27/19,2019,5/28/19,,4.87, , , ,UGA
Rcapito,158,gf1,2/16/19,50,16,2/27/19,2019,5/29/19,,4.58, , , ,UGA
Rcapito,159,gf1,2/16/19,50,16,2/27/19,2019,5/29/19,,4.69, , , ,UGA
Rcapito,197,gf1,2/16/19,50,16,2/27/19,2019,5/30/19,,4.42, , , ,UGA
Rcapito,198,gf1,2/16/19,50,16,2/27/19,2019,5/30/19,,4.48, , , ,UGA
Rcapito,281,gf1,2/16/19,50,16,2/27/19,2019,5/31/19,,4.37, , , ,UGA
Rcapito,282,gf1,2/16/19,50,16,2/27/19,2019,5/31/19,,3.66, , , ,UGA
Rcapito,283,gf1,2/16/19,50,16,2/27/19,2019,5/31/19,,5.25, , , ,UGA
Rcapito,284,gf1,2/16/19,50,16,2/27/19,2019,5/31/19,,5.32, , , ,UGA
Rcapito,285,gf1,2/16/19,50,16,2/27/19,2019,5/31/19,,3.9, , , ,UGA
Rcapito,286,gf1,2/16/19,50,16,2/27/19,2019,5/31/19,,5.68, , , ,UGA
Rcapito,414,gf1,2/16/19,50,16,2/27/19,2019,6/3/19,,4.26, , , ,UGA
Rcapito,415,gf1,2/16/19,50,16,2/27/19,2019,6/3/19,,4.45, , , ,UGA
Rcapito,416,gf1,2/16/19,50,16,2/27/19,2019,6/3/19,,3.96, , , ,UGA
Rcapito,417,gf1,2/16/19,50,16,2/27/19,2019,6/3/19,,4.26, , , ,UGA
Rcapito,418,gf1,2/16/19,50,16,2/27/19,2019,6/3/19,,3.18, , , ,UGA
Rcapito,419,gf1,2/16/19,50,16,2/27/19,2019,6/3/19,,4.17, , , ,UGA
Rcapito,420,gf1,2/16/19,50,16,2/27/19,2019,6/3/19,,4.32, , , ,UGA
Rcapito,421,gf1,2/16/19,50,16,2/27/19,2019,6/3/19,,4.72, , , ,UGA
Rcapito,422,gf1,2/16/19,50,16,2/27/19,2019,6/3/19,,4.85, , , ,UGA
Rcapito,423,gf1,2/16/19,50,16,2/27/19,2019,6/3/19,,4.72, , , ,UGA
Rcapito,424,gf1,2/16/19,50,16,2/27/19,2019,6/3/19,,3.75, , , ,UGA
Rcapito,425,gf1,2/16/19,50,16,2/27/19,2019,6/3/19,,4.15, , , ,UGA
Rcapito,426,gf1,2/16/19,50,16,2/27/19,2019,6/3/19,,4.32, , , ,UGA
Rcapito,427,gf1,2/16/19,50,16,2/27/19,2019,6/3/19,,4.65, , , ,UGA
Rcapito,49,gf1,2/16/19,50,16,2/27/19,2019,5/27/19,,4.68, ,NDF, ,UGA
Rcapito,868,gf1,2/16/19,50,16,2/27/19,2019,6/8/19,,3.65,,,,UGA
Rcapito,1001,gf1,2/16/19,50,16,2/27/19,2019,6/13/19,,4.86,,,,UGA
Rcapito,1147,gf1,2/16/19,50,16,2/27/19,2019,6/19/19,,5.73,,,,UGA
Rcapito,1148,gf1,2/16/19,50,16,2/27/19,2019,6/19/19,,4.65,,,,UGA
Rcapito,16,gf2,2/16/19,50,17,2/27/19,2019,5/27/19,,6.42, , , ,UGA
Rcapito,130,gf2,2/16/19,50,17,2/27/19,2019,5/28/19,,5.78, , , ,UGA
Rcapito,14,gf2,2/16/19,50,17,2/27/19,2019,5/27/19,,6.39, ,healed by 5/30, ,UGA
Rcapito,24,gf2,2/16/19,50,17,2/27/19,2019,5/27/19,,6.67, ,healed by 5/30, ,UGA
Rcapito,9,gf2,2/16/19,50,17,2/27/19,2019,5/26/19,,5.81, ,NDF, ,UGA
Rcapito,10,gf2,2/16/19,50,17,2/27/19,2019,5/26/19,,5.18, ,NDF, ,UGA
Rcapito,11,gf2,2/16/19,50,17,2/27/19,2019,5/26/19,,6.29, ,NDF, ,UGA
Rcapito,12,gf2,2/16/19,50,17,2/27/19,2019,5/26/19,,5.89, ,NDF, ,UGA
Rcapito,15,gf2,2/16/19,50,17,2/27/19,2019,5/27/19,,4.44, ,NDF, ,UGA
Rcapito,18,gf2,2/16/19,50,17,2/27/19,2019,5/27/19,,5.23, ,NDF, ,UGA
Rcapito,19,gf2,2/16/19,50,17,2/27/19,2019,5/27/19,,5.53, ,NDF, ,UGA
Rcapito,20,gf2,2/16/19,50,17,2/27/19,2019,5/27/19,,5.09, ,NDF, ,UGA
Rcapito,21,gf2,2/16/19,50,17,2/27/19,2019,5/27/19,,5.05, ,NDF, ,UGA
Rcapito,22,gf2,2/16/19,50,17,2/27/19,2019,5/27/19,,4.81, ,NDF, ,UGA
Rcapito,23,gf2,2/16/19,50,17,2/27/19,2019,5/27/19,,5.43, ,NDF, ,UGA
Rcapito,129,gf2,2/16/19,50,17,2/27/19,2019,5/28/19,,6.1, ,NDF, ,UGA
Rcapito,131,gf2,2/16/19,50,17,2/27/19,2019,5/28/19,,5.05, ,NDF, ,UGA
Rcapito,241,gf2,2/16/19,50,17,2/27/19,2019,5/30/19,,4.2, ,NDF, ,UGA
Rcapito,242,gf2,2/16/19,50,17,2/27/19,2019,5/30/19,,5.36, ,NDF, ,UGA
Rcapito,302,gf2,2/16/19,50,17,2/27/19,2019,5/31/19,,4.48, ,NDF, ,UGA
Rcapito,303,gf2,2/16/19,50,17,2/27/19,2019,5/31/19,,4.43, ,NDF, ,UGA
Rcapito,370,gf2,2/16/19,50,17,2/27/19,2019,6/1/19,,5.6, ,NDF, ,UGA
Rcapito,371,gf2,2/16/19,50,17,2/27/19,2019,6/1/19,,3.73, ,NDF, ,UGA
Rcapito,387,gf2,2/16/19,50,17,2/27/19,2019,6/21/19,,4.39, ,NDF, ,UGA
Rcapito,660,gf2,2/16/19,50,17,2/27/19,2019,6/5/19,,5.49,,NDF,,UGA
Rcapito,662,gf2,2/16/19,50,17,2/27/19,2019,6/5/19,,3.25,,NDF,,UGA
Rcapito,664,gf2,2/16/19,50,17,2/27/19,2019,6/5/19,,4.93,,NDF,,UGA
Rcapito,667,gf2,2/16/19,50,17,2/27/19,2019,6/5/19,,4.43,,NDF,,UGA
Rcapito,761,gf2,2/16/19,50,17,2/27/19,2019,6/7/19,,4.27,,NDF,,UGA
Rcapito,911,gf2,2/16/19,50,17,2/27/19,2019,6/10/19,,3.03,,NDF,,UGA
Rcapito,1093,gf2,2/16/19,50,17,2/27/19,2019,6/16/19,,7.03,,NDF,,UGA
Rcapito,663,gf2,2/16/19,50,17,2/27/19,2019,6/5/19,,2.65,,NDF GILL,EUTHANIZED 6/5,UGA
Rcapito,665,gf2,2/16/19,50,17,2/27/19,2019,6/5/19,,4.81,,NDF GILL,EUTHANIZED 6/5,UGA
Rcapito,789,gf2,2/16/19,50,17,2/27/19,2019,6/8/19,,3.5,,NDF GILL,,UGA
Rcapito,1052,gf2,2/16/19,50,17,2/27/19,2019,6/15/19,,6.01,,NDF GILL,,UGA
Rcapito,156,gf2,2/16/19,50,17,2/27/19,2019,5/29/19,,4.22, ,NDF NE, ,UGA
Rcapito,157,gf2,2/16/19,50,17,2/27/19,2019,5/29/19,,4.28, ,NDF NE, ,UGA
Rcapito,216,gf2,2/16/19,50,17,2/27/19,2019,5/30/19,,3.81, ,NDF NE, ,UGA
Rcapito,369,gf2,2/16/19,50,17,2/27/19,2019,6/1/19,,3.35, ,NDF NE, ,UGA
Rcapito,661,gf2,2/16/19,50,17,2/27/19,2019,6/5/19,,3.81,,NDF NE,,UGA
Rcapito,790,gf2,2/16/19,50,17,2/27/19,2019,6/8/19,,4.56,,NDF NE,,UGA
Rcapito,666,gf2,2/16/19,50,17,2/27/19,2019,6/5/19,,3.88,,"NDF, JAW UNDERDEVELOPED",EUTHANIZED 6/5,UGA
Rcapito,17,gf2,2/16/19,50,17,2/27/19,2019,5/27/19,,4.75, ,NE, ,UGA
Rcapito,1145,gf2,2/16/19,50,17,2/27/19,2019,6/18/19,,6.15,,,,UGA
Rcapito,132,gf3,2/16/19,50,18,2/27/19,2019,5/28/19,,5.35, , , ,UGA
Rcapito,133,gf3,2/16/19,50,18,2/27/19,2019,5/28/19,,7, , , ,UGA
Rcapito,1047,gf3,2/16/19,50,18,2/27/19,2019,6/15/19,,5.59,, NDF,,UGA
Rcapito,34,gf3,2/16/19,50,18,2/27/19,2019,5/27/19,,6.7, ,NDF, ,UGA
Rcapito,35,gf3,2/16/19,50,18,2/27/19,2019,5/27/19,,6.04, ,NDF, ,UGA
Rcapito,36,gf3,2/16/19,50,18,2/27/19,2019,5/27/19,,4.92, ,NDF, ,UGA
Rcapito,134,gf3,2/16/19,50,18,2/27/19,2019,5/28/19,,5.75, ,NDF, ,UGA
Rcapito,230,gf3,2/16/19,50,18,2/27/19,2019,5/30/19,,5.11, ,NDF, ,UGA
Rcapito,243,gf3,2/16/19,50,18,2/27/19,2019,5/30/19,,6.09, ,NDF, ,UGA
Rcapito,244,gf3,2/16/19,50,18,2/27/19,2019,5/30/19,,4.57, ,NDF, ,UGA
Rcapito,317,gf3,2/16/19,50,18,2/27/19,2019,5/31/19,,4.77, ,NDF, ,UGA
Rcapito,318,gf3,2/16/19,50,18,2/27/19,2019,5/31/19,,5.37, ,NDF, ,UGA
Rcapito,319,gf3,2/16/19,50,18,2/27/19,2019,5/31/19,,5.06, ,NDF, ,UGA
Rcapito,366,gf3,2/16/19,50,18,2/27/19,2019,6/1/19,,4.66, ,NDF,DEAD 6/2,UGA
Rcapito,367,gf3,2/16/19,50,18,2/27/19,2019,6/1/19,,5.28, ,NDF, ,UGA
Rcapito,388,gf3,2/16/19,50,18,2/27/19,2019,6/21/19,,4.78, ,NDF, ,UGA
Rcapito,389,gf3,2/16/19,50,18,2/27/19,2019,6/21/19,,4.25, ,NDF, ,UGA
Rcapito,390,gf3,2/16/19,50,18,2/27/19,2019,6/21/19,,5.1, ,NDF, ,UGA
Rcapito,489,gf3,2/16/19,50,18,2/27/19,2019,6/3/19,,5.13,,NDF,,UGA
Rcapito,490,gf3,2/16/19,50,18,2/27/19,2019,6/3/19,,3.4,,NDF,,UGA
Rcapito,491,gf3,2/16/19,50,18,2/27/19,2019,6/3/19,,3.59,,NDF,,UGA
Rcapito,669,gf3,2/16/19,50,18,2/27/19,2019,6/5/19,,5,,NDF,,UGA
Rcapito,670,gf3,2/16/19,50,18,2/27/19,2019,6/5/19,,4.45,,NDF,,UGA
Rcapito,671,gf3,2/16/19,50,18,2/27/19,2019,6/5/19,,2.9,,NDF,,UGA
Rcapito,672,gf3,2/16/19,50,18,2/27/19,2019,6/5/19,,3.84,,NDF,,UGA
Rcapito,673,gf3,2/16/19,50,18,2/27/19,2019,6/5/19,,3.98,,NDF,,UGA
Rcapito,791,gf3,2/16/19,50,18,2/27/19,2019,6/8/19,,3.7,,NDF,,UGA
Rcapito,903,gf3,2/16/19,50,18,2/27/19,2019,6/10/19,,3.48,,NDF,,UGA
Rcapito,904,gf3,2/16/19,50,18,2/27/19,2019,6/10/19,,3.78,,NDF,,UGA
Rcapito,952,gf3,2/16/19,50,18,2/27/19,2019,6/11/19,,3.88,,NDF,,UGA
Rcapito,988,gf3,2/16/19,50,18,2/27/19,2019,6/13/19,,4.35,,NDF,,UGA
Rcapito,1149,gf3,2/16/19,50,18,2/27/19,2019,6/19/19,,4.58,,NDF,,UGA
Rcapito,368,gf3,2/16/19,50,18,2/27/19,2019,6/1/19,,6.25, ,NDF 0.5 CM TAIL, ,UGA
Rcapito,362,gf3,2/16/19,50,18,2/27/19,2019,6/1/19,,4.46, ,NDF GILL, ,UGA
Rcapito,492,gf3,2/16/19,50,18,2/27/19,2019,6/3/19,,2.97,,NDF GILL,,UGA
Rcapito,1204,gf3,2/16/19,50,18,2/27/19,2019,6/21/19,,3.74,,NDF GILL,,UGA
Rcapito,365,gf3,2/16/19,50,18,2/27/19,2019,6/1/19,,3.69, ,NDF GILL 0.5 TAIL, ,UGA
Rcapito,320,gf3,2/16/19,50,18,2/27/19,2019,5/31/19,,4.18, ,NDF NE, ,UGA
Rcapito,363,gf3,2/16/19,50,18,2/27/19,2019,6/1/19,,4.07, ,NDF NE,DEAD 7/3,UGA
Rcapito,364,gf3,2/16/19,50,18,2/27/19,2019,6/1/19,,3.6, ,NDF NE, ,UGA
Rcapito,792,gf3,2/16/19,50,18,2/27/19,2019,6/8/19,,4.54,,NDF NE,,UGA
Rcapito,905,gf3,2/16/19,50,18,2/27/19,2019,6/10/19,,3.76,,NDF NE,,UGA
Rcapito,1049,gf3,2/16/19,50,18,2/27/19,2019,6/15/19,,4.72,,NDF NE,,UGA
Rcapito,1051,gf3,2/16/19,50,18,2/27/19,2019,6/15/19,,5.28,,NDF NE,,UGA
Rcapito,1215,gf3,2/16/19,50,18,2/27/19,2019,6/23/19,,6.31,,NDF NE,,UGA
Rcapito,1216,gf3,2/16/19,50,18,2/27/19,2019,6/23/19,,4.2,,NDF NE,,UGA
Rcapito,1228,gf3,2/16/19,50,18,2/27/19,2019,6/25/19,,4.41,,NDF NE,,UGA
Rcapito,1243,gf3,2/16/19,50,18,2/27/19,2019,6/29/19,,6.41,,NDF NE,,UGA
Rcapito,1258,gf3,2/16/19,50,18,2/27/19,2019,7/9/19,,7.05,,NDF NE,,UGA
Rcapito,1150,gf3,2/16/19,50,18,2/27/19,2019,6/19/19,,4.28,,NDF NE GILL,,UGA
Rcapito,1203,gf3,2/16/19,50,18,2/27/19,2019,6/21/19,,4.9,,NDF NE GILL,,UGA
Rcapito,1242,gf3,2/16/19,50,18,2/27/19,2019,6/29/19,,5.79,,NDF NE GILL,,UGA
Rcapito,957,gf3,2/16/19,50,18,2/27/19,2019,6/11/19,,4.52,,,,UGA
Rcapito,1227,gf3,2/16/19,50,18,2/27/19,2019,6/25/19,,4.7,,,,UGA
Rcapito,1237,gf3,2/16/19,50,18,2/27/19,2019,6/25/19,,5.5,,,,UGA
Rcapito,226,gf1,2/16/19,50,19,2/27/19,2019,5/30/19,,6.18, ,NDF,dead 6/2,UGA
Rcapito,227,gf1,2/16/19,50,19,2/27/19,2019,5/30/19,,6.8, ,NDF, ,UGA
Rcapito,301,gf1,2/16/19,50,19,2/27/19,2019,5/31/19,,6.68, ,NDF, ,UGA
Rcapito,351,gf1,2/16/19,50,19,2/27/19,2019,6/1/19,,6.31, ,NDF, ,UGA
Rcapito,493,gf1,2/16/19,50,19,2/27/19,2019,6/3/19,,5.75,,NDF,,UGA
Rcapito,494,gf1,2/16/19,50,19,2/27/19,2019,6/3/19,,6.18,,NDF,,UGA
Rcapito,495,gf1,2/16/19,50,19,2/27/19,2019,6/3/19,,5.85,,NDF,,UGA
Rcapito,656,gf1,2/16/19,50,19,2/27/19,2019,6/5/19,,4.98,,NDF,,UGA
Rcapito,657,gf1,2/16/19,50,19,2/27/19,2019,6/5/19,,4.71,,NDF,,UGA
Rcapito,684,gf1,2/16/19,50,19,2/27/19,2019,6/6/19,,6.08,,NDF,,UGA
Rcapito,794,gf1,2/16/19,50,19,2/27/19,2019,6/8/19,,3.86,,NDF,,UGA
Rcapito,795,gf1,2/16/19,50,19,2/27/19,2019,6/8/19,,3.65,,NDF,,UGA
Rcapito,797,gf1,2/16/19,50,19,2/27/19,2019,6/8/19,,4.42,,NDF,,UGA
Rcapito,798,gf1,2/16/19,50,19,2/27/19,2019,6/8/19,,4.74,,NDF,,UGA
Rcapito,498,gf1,2/16/19,50,19,2/27/19,2019,6/3/19,,4.64,,NDF GILL,,UGA
Rcapito,799,gf1,2/16/19,50,19,2/27/19,2019,6/8/19,,4.96,,NDF JUMPED ON FLOOR,,UGA
Rcapito,497,gf1,2/16/19,50,19,2/27/19,2019,6/3/19,,5.29,,NDF NE,,UGA
Rcapito,685,gf1,2/16/19,50,19,2/27/19,2019,6/6/19,,3.86,,NDF NE,,UGA
Rcapito,686,gf1,2/16/19,50,19,2/27/19,2019,6/6/19,,4.67,,NDF NE,,UGA
Rcapito,793,gf1,2/16/19,50,19,2/27/19,2019,6/8/19,,2.68,,NDF NE,,UGA
Rcapito,986,gf1,2/16/19,50,19,2/27/19,2019,6/13/19,,3.76,,NDF NE,,UGA
Rcapito,987,gf1,2/16/19,50,19,2/27/19,2019,6/13/19,,4.4,,NDF NE,,UGA
Rcapito,496,gf1,2/16/19,50,19,2/27/19,2019,6/3/19,,4.69,,NDF NE GILL,,UGA
Rcapito,687,gf1,2/16/19,50,19,2/27/19,2019,6/6/19,,3.88,,NDF NE GILL,,UGA
Rcapito,1151,gf1,2/16/19,50,19,2/27/19,2019,6/19/19,,4.8,,NDF NE GILL,,UGA
Rcapito,1152,gf1,2/16/19,50,19,2/27/19,2019,6/19/19,,6.4,,NDF NE GILL,,UGA
Rcapito,1100,gf1,2/16/19,50,19,2/27/19,2019,6/17/19,,4.56,,NE GILL,,UGA
Rcapito,796,gf1,2/16/19,50,19,2/27/19,2019,6/8/19,,5.84,,,,UGA
Rcapito,531,gf2,2/16/19,50,20,2/27/19,2019,6/4/19,,--,,GILL,EUTHANIZED 6/5,UGA
Rcapito,913,gf2,2/16/19,50,20,2/27/19,2019,6/10/19,,5.13,,GILL,,UGA
Rcapito,1182,gf2,2/16/19,50,20,2/27/19,2019,6/20/19,,6.27,,GILL,,UGA
Rcapito,538,gf2,2/16/19,50,20,2/27/19,2019,6/4/19,,--,,GILL ONE LEG,EUTHANIZED ND,UGA
Rcapito,37,gf2,2/16/19,50,20,2/27/19,2019,5/27/19,,6.18, ,NDF, ,UGA
Rcapito,135,gf2,2/16/19,50,20,2/27/19,2019,5/28/19,,7.01, ,NDF, ,UGA
Rcapito,207,gf2,2/16/19,50,20,2/27/19,2019,5/30/19,,8.55, ,NDF, ,UGA
Rcapito,209,gf2,2/16/19,50,20,2/27/19,2019,5/30/19,,7.5, ,NDF, ,UGA
Rcapito,225,gf2,2/16/19,50,20,2/27/19,2019,5/30/19,,5.89, ,NDF, ,UGA
Rcapito,263,gf2,2/16/19,50,20,2/27/19,2019,5/30/19,,7.57, ,NDF,dead 6/5,UGA
Rcapito,304,gf2,2/16/19,50,20,2/27/19,2019,5/31/19,,4.33, ,NDF, ,UGA
Rcapito,352,gf2,2/16/19,50,20,2/27/19,2019,6/1/19,,5.31, ,NDF, ,UGA
Rcapito,396,gf2,2/16/19,50,20,2/27/19,2019,6/21/19,,5.69, ,NDF, ,UGA
Rcapito,397,gf2,2/16/19,50,20,2/27/19,2019,6/21/19,,4.34, ,NDF, ,UGA
Rcapito,398,gf2,2/16/19,50,20,2/27/19,2019,6/21/19,,7.13, ,NDF, ,UGA
Rcapito,507,gf2,2/16/19,50,20,2/27/19,2019,6/3/19,,5.37,,NDF,,UGA
Rcapito,532,gf2,2/16/19,50,20,2/27/19,2019,6/4/19,,4.2,,NDF GILL,,UGA
Rcapito,533,gf2,2/16/19,50,20,2/27/19,2019,6/4/19,,6.27,,NDF GILL,DEAD 6/6,UGA
Rcapito,537,gf2,2/16/19,50,20,2/27/19,2019,6/4/19,,--,,NDF GILL,,UGA
Rcapito,206,gf2,2/16/19,50,20,2/27/19,2019,5/30/19,,4.24, ,NDF NE,dead 6/4,UGA
Rcapito,208,gf2,2/16/19,50,20,2/27/19,2019,5/30/19,,4.76, ,NDF NE, ,UGA
Rcapito,210,gf2,2/16/19,50,20,2/27/19,2019,5/30/19,,5.29, ,NDF NE,dead 6/4,UGA
Rcapito,223,gf2,2/16/19,50,20,2/27/19,2019,5/30/19,,4.56, ,NDF NE,found dead 7/3,UGA
Rcapito,224,gf2,2/16/19,50,20,2/27/19,2019,5/30/19,,5.67, ,NDF NE, ,UGA
Rcapito,506,gf2,2/16/19,50,20,2/27/19,2019,6/3/19,,3.24,,NDF NE GILL,EUTHANIZED 6/5,UGA
Rcapito,534,gf2,2/16/19,50,20,2/27/19,2019,6/4/19,,--,,NDF NE GILL,EUTHANIZED ND,UGA
Rcapito,535,gf2,2/16/19,50,20,2/27/19,2019,6/4/19,,--,,NDF NE GILL,EUTHANIZED ND,UGA
Rcapito,536,gf2,2/16/19,50,20,2/27/19,2019,6/4/19,,--,,NDF NE GILL,EUTHANIZED ND,UGA
Rcapito,788,gf2,2/16/19,50,20,2/27/19,2019,6/8/19,,4.5,,NDF NE GILL,EUTHANIZED 6/13,UGA
Rcapito,849,gf2,2/16/19,50,20,2/27/19,2019,6/8/19,,5.31,,NDF NE GILL,,UGA
Rcapito,850,gf2,2/16/19,50,20,2/27/19,2019,6/8/19,,4.54,,NDF NE GILL,,UGA
Rcapito,539,gf2,2/16/19,50,20,2/27/19,2019,6/4/19,,--,,,,UGA
Rcapito,787,gf2,2/16/19,50,20,2/27/19,2019,6/8/19,,5.61,,,,UGA
Rcapito,406,gf3,2/16/19,50,21,2/27/19,2019,6/21/19,,6.87, , , ,UGA
Rcapito,485,gf3,2/16/19,50,21,2/27/19,2019,6/3/19,,5.9,,0.5 CM TAIL,,UGA
Rcapito,353,gf3,2/16/19,50,21,2/27/19,2019,6/1/19,,6.85, ,NDF, ,UGA
Rcapito,354,gf3,2/16/19,50,21,2/27/19,2019,6/1/19,,6.96, ,NDF, ,UGA
Rcapito,355,gf3,2/16/19,50,21,2/27/19,2019,6/1/19,,7.36, ,NDF, ,UGA
Rcapito,356,gf3,2/16/19,50,21,2/27/19,2019,6/1/19,,6.38, ,NDF, ,UGA
Rcapito,357,gf3,2/16/19,50,21,2/27/19,2019,6/1/19,,6.55, ,NDF, ,UGA
Rcapito,358,gf3,2/16/19,50,21,2/27/19,2019,6/1/19,,6.71, ,NDF, ,UGA
Rcapito,405,gf3,2/16/19,50,21,2/27/19,2019,6/21/19,,6.11, ,NDF, ,UGA
Rcapito,407,gf3,2/16/19,50,21,2/27/19,2019,6/21/19,,7.52, ,NDF, ,UGA
Rcapito,408,gf3,2/16/19,50,21,2/27/19,2019,6/21/19,,5.92, ,NDF, ,UGA
Rcapito,409,gf3,2/16/19,50,21,2/27/19,2019,6/21/19,,6.46, ,NDF, ,UGA
Rcapito,486,gf3,2/16/19,50,21,2/27/19,2019,6/3/19,,6.16,,NDF,,UGA
Rcapito,487,gf3,2/16/19,50,21,2/27/19,2019,6/3/19,,6.28,,NDF,,UGA
Rcapito,488,gf3,2/16/19,50,21,2/27/19,2019,6/3/19,,6.51,,NDF,,UGA
Rcapito,544,gf3,2/16/19,50,21,2/27/19,2019,6/4/19,,5.89,,NDF,,UGA
Rcapito,545,gf3,2/16/19,50,21,2/27/19,2019,6/4/19,,5.88,,NDF,,UGA
Rcapito,691,gf3,2/16/19,50,21,2/27/19,2019,6/6/19,,5.26,,NDF,,UGA
Rcapito,692,gf3,2/16/19,50,21,2/27/19,2019,6/6/19,,6.69,,NDF,,UGA
Rcapito,732,gf3,2/16/19,50,21,2/27/19,2019,6/7/19,,6.76,,NDF,,UGA
Rcapito,733,gf3,2/16/19,50,21,2/27/19,2019,6/7/19,,6.16,,NDF,,UGA
Rcapito,734,gf3,2/16/19,50,21,2/27/19,2019,6/7/19,,5.56,,NDF,,UGA
Rcapito,735,gf3,2/16/19,50,21,2/27/19,2019,6/7/19,,6.94,,NDF,,UGA
Rcapito,736,gf3,2/16/19,50,21,2/27/19,2019,6/7/19,,6.39,,NDF,,UGA
Rcapito,856,gf3,2/16/19,50,21,2/27/19,2019,6/8/19,,7.39,,NDF,,UGA
Rcapito,857,gf3,2/16/19,50,21,2/27/19,2019,6/8/19,,4.71,,NDF,,UGA
Rcapito,858,gf3,2/16/19,50,21,2/27/19,2019,6/8/19,,5.16,,NDF,,UGA
Rcapito,859,gf3,2/16/19,50,21,2/27/19,2019,6/8/19,,5.33,,NDF,,UGA
Rcapito,860,gf3,2/16/19,50,21,2/27/19,2019,6/8/19,,6.01,,NDF,,UGA
Rcapito,861,gf3,2/16/19,50,21,2/27/19,2019,6/8/19,,6.16,,NDF,,UGA
Rcapito,862,gf3,2/16/19,50,21,2/27/19,2019,6/8/19,,4.59,,NDF,,UGA
Rcapito,863,gf3,2/16/19,50,21,2/27/19,2019,6/8/19,,5.77,,NDF,,UGA
Rcapito,961,gf3,2/16/19,50,21,2/27/19,2019,6/12/19,,5.94,,NDF,,UGA
Rcapito,1031,gf3,2/16/19,50,21,2/27/19,2019,6/14/19,,5.9,,NDF,,UGA
Rcapito,1032,gf3,2/16/19,50,21,2/27/19,2019,6/14/19,,5.56,,NDF,,UGA
Rcapito,1091,gf3,2/16/19,50,21,2/27/19,2019,6/16/19,,4.71,,NDF,,UGA
Rcapito,540,gf3,2/16/19,50,21,2/27/19,2019,6/4/19,,--,,,,UGA
Rcapito,541,gf3,2/16/19,50,21,2/27/19,2019,6/4/19,,--,,,,UGA
Rcapito,542,gf3,2/16/19,50,21,2/27/19,2019,6/4/19,,6.63,,,,UGA
Rcapito,543,gf3,2/16/19,50,21,2/27/19,2019,6/4/19,,4.76,,,,UGA
Rcapito,737,gf3,2/16/19,50,21,2/27/19,2019,6/7/19,,5.67,,,,UGA
Rcapito,864,gf3,2/16/19,50,21,2/27/19,2019,6/8/19,,5.3,,,,UGA
Rcapito,960,gf3,2/16/19,50,21,2/27/19,2019,6/12/19,,5.26,,,,UGA
Rcapito,1034,gf3,2/16/19,50,21,2/27/19,2019,6/12/19,,4.54,,,,UGA
Rcapito,1131,gf3,2/16/19,50,21,2/27/19,2019,6/18/19,,3.3,,,,UGA
Rcapito,1132,gf3,2/16/19,50,21,2/27/19,2019,6/18/19,,4.65,,,,UGA
Rcapito,1222,gf3,2/16/19,50,21,2/27/19,2019,6/24/19,,6.74,,,,UGA
Rcapito,1238,gf3,2/16/19,50,21,2/27/19,2019,6/24/19,,6.58,,,,UGA
Rcapito,1252,gf3,2/16/19,50,21,2/27/19,2019,7/3/19,,6.39,,,,UGA
Rcapito,322,gf1,2/16/19,50,22,2/27/19,2019,6/1/19,,6.03, ,NDF, ,UGA
Rcapito,880,gf1,2/16/19,50,22,2/27/19,2019,6/6/19,,3.7,,NDF,,UGA
Rcapito,1178,gf1,2/16/19,50,22,2/27/19,2019,6/20/19,,3.81,,NDF,,UGA
Rcapito,577,gf1,2/16/19,50,22,2/27/19,2019,6/4/19,,4.94,,,,UGA
Rcapito,578,gf1,2/16/19,50,22,2/27/19,2019,6/4/19,,4.24,,,,UGA
Rcapito,721,gf1,2/16/19,50,22,2/27/19,2019,6/6/19,,3.3,,,,UGA
Rcapito,722,gf1,2/16/19,50,22,2/27/19,2019,6/6/19,,4.08,,,,UGA
Rcapito,723,gf1,2/16/19,50,22,2/27/19,2019,6/6/19,,4.84,,,,UGA
Rcapito,724,gf1,2/16/19,50,22,2/27/19,2019,6/6/19,,3.72,,,,UGA
Rcapito,725,gf1,2/16/19,50,22,2/27/19,2019,6/6/19,,3.38,,,,UGA
Rcapito,726,gf1,2/16/19,50,22,2/27/19,2019,6/6/19,,3.32,,,,UGA
Rcapito,730,gf1,2/16/19,50,22,2/27/19,2019,6/6/19,,3.37,,,,UGA
Rcapito,881,gf1,2/16/19,50,22,2/27/19,2019,6/6/19,,3.35,,,,UGA
Rcapito,882,gf1,2/16/19,50,22,2/27/19,2019,6/6/19,,2.35,,,,UGA
Rcapito,888,gf1,2/16/19,50,22,2/27/19,2019,6/10/19,,2.88,,,,UGA
Rcapito,889,gf1,2/16/19,50,22,2/27/19,2019,6/10/19,,5.21,,,,UGA
Rcapito,1115,gf1,2/16/19,50,22,2/27/19,2019,6/18/19,,2.93,,,,UGA
Rcapito,1116,gf1,2/16/19,50,22,2/27/19,2019,6/18/19,,4.57,,,,UGA
Rcapito,105,gf2,2/16/19,50,23,2/27/19,2019,5/28/19,,5.35, , , ,UGA
Rcapito,323,gf2,2/16/19,50,23,2/27/19,2019,6/1/19,,5.6, ,NDF, ,UGA
Rcapito,853,gf2,2/16/19,50,23,2/27/19,2019,6/8/19,,5.6,,NDF NE,,UGA
Rcapito,614,gf2,2/16/19,50,23,2/27/19,2019,6/4/19,,4.71,,,,UGA
Rcapito,694,gf2,2/16/19,50,23,2/27/19,2019,6/6/19,,4.53,,,,UGA
Rcapito,695,gf2,2/16/19,50,23,2/27/19,2019,6/6/19,,4.52,,,,UGA
Rcapito,764,gf2,2/16/19,50,23,2/27/19,2019,6/7/19,,5.15,,,,UGA
Rcapito,1079,gf2,2/16/19,50,23,2/27/19,2019,6/16/19,,5.18,,,,UGA
Rcapito,1080,gf2,2/16/19,50,23,2/27/19,2019,6/16/19,,5.03,,,,UGA
Rcapito,1081,gf2,2/16/19,50,23,2/27/19,2019,6/16/19,,5.42,,,,UGA
Rcapito,1137,gf2,2/16/19,50,23,2/27/19,2019,6/18/19,,6.68,,,,UGA
Rcapito,1213,gf2,2/16/19,50,23,2/27/19,2019,6/18/19,,5.75,,,,UGA
Rcapito,755,gf3,2/16/19,50,24,2/27/19,2019,6/7/19,,4.13,,,,UGA
Rcapito,785,gf3,2/16/19,50,24,2/27/19,2019,6/8/19,,4.89,,,,UGA
Rcapito,870,gf3,2/16/19,50,24,2/27/19,2019,6/9/19,,4.87,,,,UGA
Rcapito,956,gf3,2/16/19,50,24,2/27/19,2019,6/11/19,,4.04,,,,UGA
Rcapito,328,gf1,2/16/19,50,25,2/27/19,2019,6/1/19,,5.04, , , ,UGA
Rcapito,329,gf1,2/16/19,50,25,2/27/19,2019,6/1/19,,5.23, , , ,UGA
Rcapito,384,gf1,2/16/19,50,25,2/27/19,2019,6/21/19,,4.39, , , ,UGA
Rcapito,385,gf1,2/16/19,50,25,2/27/19,2019,6/21/19,,5.44, , , ,UGA
Rcapito,1190,gf1,2/16/19,50,25,2/27/19,2019,6/21/19,,3.03,,NAD,,UGA
Rcapito,1188,gf1,2/16/19,50,25,2/27/19,2019,6/21/19,,2.19,,NDF,,UGA
Rcapito,1191,gf1,2/16/19,50,25,2/27/19,2019,6/21/19,,5.91,,NDF NE GILL,,UGA
Rcapito,588,gf1,2/16/19,50,25,2/27/19,2019,6/4/19,,4.81,,,,UGA
Rcapito,589,gf1,2/16/19,50,25,2/27/19,2019,6/4/19,,4.22,,,,UGA
Rcapito,590,gf1,2/16/19,50,25,2/27/19,2019,6/4/19,,4.97,,,,UGA
Rcapito,591,gf1,2/16/19,50,25,2/27/19,2019,6/4/19,,4.83,,,,UGA
Rcapito,696,gf1,2/16/19,50,25,2/27/19,2019,6/6/19,,4.36,,,,UGA
Rcapito,697,gf1,2/16/19,50,25,2/27/19,2019,6/6/19,,4.52,,,,UGA
Rcapito,698,gf1,2/16/19,50,25,2/27/19,2019,6/6/19,,5.79,,,,UGA
Rcapito,699,gf1,2/16/19,50,25,2/27/19,2019,6/6/19,,5.15,,,,UGA
Rcapito,700,gf1,2/16/19,50,25,2/27/19,2019,6/6/19,,4.73,,,,UGA
Rcapito,701,gf1,2/16/19,50,25,2/27/19,2019,6/6/19,,4.86,,,,UGA
Rcapito,757,gf1,2/16/19,50,25,2/27/19,2019,6/7/19,,4.49,,,,UGA
Rcapito,758,gf1,2/16/19,50,25,2/27/19,2019,6/7/19,,4.17,,,,UGA
Rcapito,759,gf1,2/16/19,50,25,2/27/19,2019,6/7/19,,4.35,,,,UGA
Rcapito,760,gf1,2/16/19,50,25,2/27/19,2019,6/7/19,,4.59,,,,UGA
Rcapito,806,gf1,2/16/19,50,25,2/27/19,2019,6/8/19,,4.84,,,,UGA
Rcapito,807,gf1,2/16/19,50,25,2/27/19,2019,6/8/19,,4.75,,,,UGA
Rcapito,871,gf1,2/16/19,50,25,2/27/19,2019,6/9/19,,4.43,,,,UGA
Rcapito,872,gf1,2/16/19,50,25,2/27/19,2019,6/9/19,,4.55,,,,UGA
Rcapito,873,gf1,2/16/19,50,25,2/27/19,2019,6/9/19,,5.13,,,,UGA
Rcapito,890,gf1,2/16/19,50,25,2/27/19,2019,6/10/19,,4.46,,,,UGA
Rcapito,942,gf1,2/16/19,50,25,2/27/19,2019,6/11/19,,4.49,,,,UGA
Rcapito,943,gf1,2/16/19,50,25,2/27/19,2019,6/11/19,,5.36,,,,UGA
Rcapito,944,gf1,2/16/19,50,25,2/27/19,2019,6/11/19,,4.26,,,,UGA
Rcapito,945,gf1,2/16/19,50,25,2/27/19,2019,6/11/19,,4.94,,,,UGA
Rcapito,1042,gf1,2/16/19,50,25,2/27/19,2019,6/15/19,,5.69,,,,UGA
Rcapito,1043,gf1,2/16/19,50,25,2/27/19,2019,6/15/19,,5.2,,,,UGA
Rcapito,1044,gf1,2/16/19,50,25,2/27/19,2019,6/15/19,,5.83,,,,UGA
Rcapito,1045,gf1,2/16/19,50,25,2/27/19,2019,6/15/19,,5.79,,,,UGA
Rcapito,1046,gf1,2/16/19,50,25,2/27/19,2019,6/15/19,,6.34,,,,UGA
Rcapito,1063,gf1,2/16/19,50,25,2/27/19,2019,6/16/19,,6.06,,,,UGA
Rcapito,1064,gf1,2/16/19,50,25,2/27/19,2019,6/16/19,,6.3,,,,UGA
Rcapito,1065,gf1,2/16/19,50,25,2/27/19,2019,6/16/19,,6.1,,,,UGA
Rcapito,1104,gf1,2/16/19,50,25,2/27/19,2019,6/17/19,,5.15,,,,UGA
Rcapito,1105,gf1,2/16/19,50,25,2/27/19,2019,6/17/19,,5.05,,,,UGA
Rcapito,1106,gf1,2/16/19,50,25,2/27/19,2019,6/17/19,,5.29,,,,UGA
Rcapito,1153,gf1,2/16/19,50,25,2/27/19,2019,6/19/19,,4.68,,,,UGA
Rcapito,1189,gf1,2/16/19,50,25,2/27/19,2019,6/21/19,,6.95,,,,UGA
Rcapito,1217,gf1,2/16/19,50,25,2/27/19,2019,6/23/19,,2.34,,,,UGA
Rcapito,1218,gf1,2/16/19,50,25,2/27/19,2019,6/23/19,,6.24,,,,UGA
Rcapito,1223,gf1,2/16/19,50,25,2/27/19,2019,6/24/19,,5.27,,,,UGA
Rcapito,1234,gf1,2/16/19,50,25,2/27/19,2019,6/27/19,,2.37,,,,UGA
Rcapito,1235,gf1,2/16/19,50,25,2/27/19,2019,6/27/19,,2.18,,,,UGA
Rcapito,1240,gf1,2/16/19,50,25,2/27/19,2019,6/24/19,,3.13,,,,UGA
Rcapito,179,gf2,2/16/19,50,26,2/27/19,2019,5/29/19,,4.71, , , ,UGA
Rcapito,1187,gf2,2/16/19,50,26,2/27/19,2019,6/20/19,,3.77,,GILL,,UGA
Rcapito,1028,gf2,2/16/19,50,26,2/27/19,2019,6/14/19,,3.9,,NDF,,UGA
Rcapito,715,gf2,2/16/19,50,26,2/27/19,2019,6/6/19,,4.12,,,,UGA
Rcapito,716,gf2,2/16/19,50,26,2/27/19,2019,6/6/19,,4.81,,,,UGA
Rcapito,717,gf2,2/16/19,50,26,2/27/19,2019,6/6/19,,4.26,,,,UGA
Rcapito,718,gf2,2/16/19,50,26,2/27/19,2019,6/6/19,,4.45,,,,UGA
Rcapito,719,gf2,2/16/19,50,26,2/27/19,2019,6/6/19,,4.32,,,,UGA
Rcapito,720,gf2,2/16/19,50,26,2/27/19,2019,6/6/19,,3.72,,,,UGA
Rcapito,765,gf2,2/16/19,50,26,2/27/19,2019,6/7/19,,3.73,,,,UGA
Rcapito,766,gf2,2/16/19,50,26,2/27/19,2019,6/7/19,,4.86,,,,UGA
Rcapito,874,gf2,2/16/19,50,26,2/27/19,2019,6/9/19,,3.4,,,,UGA
Rcapito,875,gf2,2/16/19,50,26,2/27/19,2019,6/9/19,,4.87,,,,UGA
Rcapito,876,gf2,2/16/19,50,26,2/27/19,2019,6/9/19,,3.64,,,,UGA
Rcapito,891,gf2,2/16/19,50,26,2/27/19,2019,6/10/19,,3.96,,,,UGA
Rcapito,892,gf2,2/16/19,50,26,2/27/19,2019,6/10/19,,4.77,,,,UGA
Rcapito,946,gf2,2/16/19,50,26,2/27/19,2019,6/11/19,,3.88,,,,UGA
Rcapito,947,gf2,2/16/19,50,26,2/27/19,2019,6/11/19,,4.5,,,,UGA
Rcapito,948,gf2,2/16/19,50,26,2/27/19,2019,6/11/19,,4.29,,,,UGA
Rcapito,949,gf2,2/16/19,50,26,2/27/19,2019,6/11/19,,3.56,,,,UGA
Rcapito,1005,gf2,2/16/19,50,26,2/27/19,2019,6/13/19,,4.1,,,,UGA
Rcapito,1006,gf2,2/16/19,50,26,2/27/19,2019,6/13/19,,2.82,,,,UGA
Rcapito,1029,gf2,2/16/19,50,26,2/27/19,2019,6/14/19,,4.37,,,,UGA
Rcapito,1030,gf2,2/16/19,50,26,2/27/19,2019,6/14/19,,4.95,,,,UGA
Rcapito,1059,gf2,2/16/19,50,26,2/27/19,2019,6/16/19,,4.7,,,,UGA
Rcapito,1060,gf2,2/16/19,50,26,2/27/19,2019,6/16/19,,5.11,,,,UGA
Rcapito,1107,gf2,2/16/19,50,26,2/27/19,2019,6/14/19,,5.18,,,,UGA
Rcapito,1108,gf2,2/16/19,50,26,2/27/19,2019,6/14/19,,3.71,,,,UGA
Rcapito,1117,gf2,2/16/19,50,26,2/27/19,2019,6/18/19,,1.98,,,,UGA
Rcapito,1118,gf2,2/16/19,50,26,2/27/19,2019,6/18/19,,2.93,,,,UGA
Rcapito,1119,gf2,2/16/19,50,26,2/27/19,2019,6/18/19,,3.73,,,,UGA
Rcapito,1120,gf2,2/16/19,50,26,2/27/19,2019,6/18/19,,3.89,,,,UGA
Rcapito,1121,gf2,2/16/19,50,26,2/27/19,2019,6/18/19,,5.27,,,,UGA
Rcapito,1122,gf2,2/16/19,50,26,2/27/19,2019,6/18/19,,5.52,,,,UGA
Rcapito,1155,gf2,2/16/19,50,26,2/27/19,2019,6/19/19,,3.33,,,,UGA
Rcapito,1186,gf2,2/16/19,50,26,2/27/19,2019,6/20/19,,4.04,,,,UGA
Rcapito,452,,2/16/19,50,27,2/27/19,2019,6/3/19,,3.3,,,,UGA
Rcapito,453,,2/16/19,50,27,2/27/19,2019,6/3/19,,4.91,,,,UGA
Rcapito,454,,2/16/19,50,27,2/27/19,2019,6/3/19,,4.39,,,,UGA
Rcapito,630,,2/16/19,50,27,2/27/19,2019,6/5/19,,3.67,,,,UGA
Rcapito,631,,2/16/19,50,27,2/27/19,2019,6/5/19,,4.08,,,,UGA
Rcapito,632,,2/16/19,50,27,2/27/19,2019,6/5/19,,3.96,,,,UGA
Rcapito,633,,2/16/19,50,27,2/27/19,2019,6/5/19,,4.07,,,,UGA
Rcapito,634,,2/16/19,50,27,2/27/19,2019,6/5/19,,4.36,,,,UGA
Rcapito,635,,2/16/19,50,27,2/27/19,2019,6/5/19,,4.89,,,,UGA
Rcapito,636,,2/16/19,50,27,2/27/19,2019,6/5/19,,4.2,,,,UGA
Rcapito,637,,2/16/19,50,27,2/27/19,2019,6/5/19,,4.65,,,,UGA
Rcapito,638,,2/16/19,50,27,2/27/19,2019,6/5/19,,3.54,,,,UGA
Rcapito,825,,2/16/19,50,27,2/27/19,2019,6/8/19,,4.07,,,,UGA
Rcapito,826,,2/16/19,50,27,2/27/19,2019,6/8/19,,4.33,,,,UGA
Rcapito,827,,2/16/19,50,27,2/27/19,2019,6/8/19,,3.89,,,,UGA
Rcapito,843,,2/16/19,50,27,2/27/19,2019,6/8/19,,3.35,,,,UGA
Rcapito,844,,2/16/19,50,27,2/27/19,2019,6/8/19,,3.1,,,,UGA
Rcapito,845,,2/16/19,50,27,2/27/19,2019,6/8/19,,3.46,,,,UGA
Rcapito,851,,2/16/19,50,27,2/27/19,2019,6/8/19,,4.82,,,,UGA
Rcapito,852,,2/16/19,50,27,2/27/19,2019,6/8/19,,4.28,,,,UGA
Rcapito,915,,2/16/19,50,27,2/27/19,2019,6/11/19,,3.2,,,,UGA
Rcapito,916,,2/16/19,50,27,2/27/19,2019,6/11/19,,2.55,,,,UGA
Rcapito,917,,2/16/19,50,27,2/27/19,2019,6/11/19,,3.56,,,,UGA
Rcapito,918,,2/16/19,50,27,2/27/19,2019,6/11/19,,2.63,,,,UGA
Rcapito,919,,2/16/19,50,27,2/27/19,2019,6/11/19,,3.2,,,,UGA
Rcapito,920,,2/16/19,50,27,2/27/19,2019,6/11/19,,3.58,,,,UGA
Rcapito,921,,2/16/19,50,27,2/27/19,2019,6/11/19,,3.85,,,,UGA
Rcapito,922,,2/16/19,50,27,2/27/19,2019,6/11/19,,4.05,,,,UGA
Rcapito,923,,2/16/19,50,27,2/27/19,2019,6/11/19,,4.05,,,,UGA
Rcapito,1003,,2/16/19,50,27,2/27/19,2019,6/13/19,,3.96,,,,UGA
Rcapito,1004,,2/16/19,50,27,2/27/19,2019,6/13/19,,3.87,,,,UGA
Rcapito,1007,,2/16/19,50,27,2/27/19,2019,6/12/19,,3.14,,,,UGA
Rcapito,1035,,2/16/19,50,27,2/27/19,2019,6/15/19,,3.25,,,,UGA
Rcapito,1036,,2/16/19,50,27,2/27/19,2019,6/15/19,,3.48,,,,UGA
Rcapito,1037,,2/16/19,50,27,2/27/19,2019,6/15/19,,4.16,,,,UGA
Rcapito,1082,,2/16/19,50,27,2/27/19,2019,6/16/19,,3.64,,,,UGA
Rcapito,1083,,2/16/19,50,27,2/27/19,2019,6/16/19,,3.21,,,,UGA
Rcapito,1084,,2/16/19,50,27,2/27/19,2019,6/16/19,,3.69,,,,UGA
Rcapito,1085,,2/16/19,50,27,2/27/19,2019,6/16/19,,3.45,,,,UGA
Rcapito,1125,,2/16/19,50,27,2/27/19,2019,6/18/19,,3.58,,,,UGA
Rcapito,1126,,2/16/19,50,27,2/27/19,2019,6/18/19,,3.16,,,,UGA
Rcapito,1127,,2/16/19,50,27,2/27/19,2019,6/18/19,,3.83,,,,UGA
Rcapito,1167,,2/16/19,50,27,2/27/19,2019,6/20/19,,4.43,,,,UGA
Rcapito,1168,,2/16/19,50,27,2/27/19,2019,6/20/19,,4.27,,,,UGA
Rcapito,1169,,2/16/19,50,27,2/27/19,2019,6/20/19,,3.89,,,,UGA
Rcapito,1170,,2/16/19,50,27,2/27/19,2019,6/20/19,,3.22,,,,UGA
Rcapito,503,,2/16/19,50,28,2/27/19,2019,6/3/19,,2.59,,NDF,,UGA
Rcapito,504,,2/16/19,50,28,2/27/19,2019,6/3/19,,2.87,,NDF,,UGA
Rcapito,505,,2/16/19,50,28,2/27/19,2019,6/3/19,,3.86,,NDF,,UGA
Rcapito,612,,2/16/19,50,28,2/27/19,2019,6/4/19,,3.75,,,,UGA
Rcapito,613,,2/16/19,50,28,2/27/19,2019,6/4/19,,3.99,,,,UGA
Rcapito,814,,2/16/19,50,28,2/27/19,2019,6/8/19,,3.19,,,,UGA
Rcapito,815,,2/16/19,50,28,2/27/19,2019,6/8/19,,3.64,,,,UGA
Rcapito,816,,2/16/19,50,28,2/27/19,2019,6/8/19,,2.88,,,,UGA
Rcapito,817,,2/16/19,50,28,2/27/19,2019,6/8/19,,3.52,,,,UGA
Rcapito,818,,2/16/19,50,28,2/27/19,2019,6/8/19,,2.94,,,,UGA
Rcapito,819,,2/16/19,50,28,2/27/19,2019,6/8/19,,3.6,,,,UGA
Rcapito,828,,2/16/19,50,28,2/27/19,2019,6/8/19,,2.61,,,,UGA
Rcapito,829,,2/16/19,50,28,2/27/19,2019,6/8/19,,4.18,,,,UGA
Rcapito,830,,2/16/19,50,28,2/27/19,2019,6/8/19,,3.22,,,,UGA
Rcapito,893,,2/16/19,50,28,2/27/19,2019,6/10/19,,2.27,,,,UGA
Rcapito,894,,2/16/19,50,28,2/27/19,2019,6/10/19,,2.69,,,,UGA
Rcapito,895,,2/16/19,50,28,2/27/19,2019,6/10/19,,2.83,,,,UGA
Rcapito,896,,2/16/19,50,28,2/27/19,2019,6/10/19,,2.63,,,,UGA
Rcapito,897,,2/16/19,50,28,2/27/19,2019,6/10/19,,3.06,,,,UGA
Rcapito,972,,2/16/19,50,28,2/27/19,2019,6/12/19,,2.61,,,,UGA
Rcapito,973,,2/16/19,50,28,2/27/19,2019,6/12/19,,3.04,,,,UGA
Rcapito,974,,2/16/19,50,28,2/27/19,2019,6/12/19,,3.15,,,,UGA
Rcapito,975,,2/16/19,50,28,2/27/19,2019,6/12/19,,2.95,,,,UGA
Rcapito,976,,2/16/19,50,28,2/27/19,2019,6/12/19,,3.81,,,,UGA
Rcapito,1010,,2/16/19,50,28,2/27/19,2019,6/13/19,,3.65,,,,UGA
Rcapito,1021,,2/16/19,50,28,2/27/19,2019,6/14/19,,3.18,,,,UGA
Rcapito,1022,,2/16/19,50,28,2/27/19,2019,6/14/19,,3.52,,,,UGA
Rcapito,1038,,2/16/19,50,28,2/27/19,2019,6/15/19,,3.28,,,,UGA
Rcapito,1039,,2/16/19,50,28,2/27/19,2019,6/15/19,,3.74,,,,UGA
Rcapito,1040,,2/16/19,50,28,2/27/19,2019,6/15/19,,3.58,,,,UGA
Rcapito,1041,,2/16/19,50,28,2/27/19,2019,6/15/19,,4.23,,,,UGA
Rcapito,1073,,2/16/19,50,28,2/27/19,2019,6/16/19,,4.18,,,,UGA
Rcapito,1074,,2/16/19,50,28,2/27/19,2019,6/16/19,,3.03,,,,UGA
Rcapito,1075,,2/16/19,50,28,2/27/19,2019,6/16/19,,3.39,,,,UGA
Rcapito,1076,,2/16/19,50,28,2/27/19,2019,6/16/19,,4.65,,,,UGA
Rcapito,1077,,2/16/19,50,28,2/27/19,2019,6/16/19,,3.84,,,,UGA
Rcapito,1078,,2/16/19,50,28,2/27/19,2019,6/16/19,,2.54,,,,UGA
Rcapito,1128,,2/16/19,50,28,2/27/19,2019,6/18/19,,3.67,,,,UGA
Rcapito,1163,,2/16/19,50,28,2/27/19,2019,6/20/19,,3.83,,,,UGA
Rcapito,1164,,2/16/19,50,28,2/27/19,2019,6/20/19,,3.46,,,,UGA
Rcapito,1165,,2/16/19,50,28,2/27/19,2019,6/20/19,,3.17,,,,UGA
Rcapito,1166,,2/16/19,50,28,2/27/19,2019,6/20/19,,3.85,,,,UGA
Rcapito,38,,2/16/19,50,29,2/27/19,2019,5/27/19,,3.68, , , ,UGA
Rcapito,176,,2/16/19,50,29,2/27/19,2019,5/29/19,,4.34, , , ,UGA
Rcapito,180,,2/16/19,50,29,2/27/19,2019,5/29/19,,3.36, , , ,UGA
Rcapito,181,,2/16/19,50,29,2/27/19,2019,5/29/19,,4.86, , , ,UGA
Rcapito,196,,2/16/19,50,29,2/27/19,2019,5/30/19,,3.84, , , ,UGA
Rcapito,462,,2/16/19,50,29,2/27/19,2019,6/3/19,,3.32,,,,UGA
Rcapito,463,,2/16/19,50,29,2/27/19,2019,6/3/19,,4.2,,,,UGA
Rcapito,464,,2/16/19,50,29,2/27/19,2019,6/3/19,,3.93,,,,UGA
Rcapito,465,,2/16/19,50,29,2/27/19,2019,6/3/19,,3.46,,,,UGA
Rcapito,466,,2/16/19,50,29,2/27/19,2019,6/3/19,,3.5,,,,UGA
Rcapito,467,,2/16/19,50,29,2/27/19,2019,6/3/19,,3.44,,,,UGA
Rcapito,468,,2/16/19,50,29,2/27/19,2019,6/3/19,,3.61,,,,UGA
Rcapito,469,,2/16/19,50,29,2/27/19,2019,6/3/19,,3.68,,,,UGA
Rcapito,470,,2/16/19,50,29,2/27/19,2019,6/3/19,,3.59,,,,UGA
Rcapito,471,,2/16/19,50,29,2/27/19,2019,6/3/19,,4.15,,,,UGA
Rcapito,472,,2/16/19,50,29,2/27/19,2019,6/3/19,,3.49,,,,UGA
Rcapito,473,,2/16/19,50,29,2/27/19,2019,6/3/19,,3.78,,,,UGA
Rcapito,615,,2/16/19,50,29,2/27/19,2019,6/4/19,,3.01,,,,UGA
Rcapito,616,,2/16/19,50,29,2/27/19,2019,6/4/19,,4.72,,,,UGA
Rcapito,617,,2/16/19,50,29,2/27/19,2019,6/4/19,,4.04,,,,UGA
Rcapito,618,,2/16/19,50,29,2/27/19,2019,6/4/19,,3.54,,,,UGA
Rcapito,639,,2/16/19,50,29,2/27/19,2019,6/5/19,,4,,,,UGA
Rcapito,640,,2/16/19,50,29,2/27/19,2019,6/5/19,,3.37,,,,UGA
Rcapito,770,,2/16/19,50,29,2/27/19,2019,6/7/19,,3.59,,,,UGA
Rcapito,771,,2/16/19,50,29,2/27/19,2019,6/7/19,,2.92,,,,UGA
Rcapito,772,,2/16/19,50,29,2/27/19,2019,6/7/19,,3.03,,,,UGA
Rcapito,773,,2/16/19,50,29,2/27/19,2019,6/7/19,,3.45,,,,UGA
Rcapito,774,,2/16/19,50,29,2/27/19,2019,6/7/19,,3.28,,,,UGA
Rcapito,775,,2/16/19,50,29,2/27/19,2019,6/7/19,,3.38,,,,UGA
Rcapito,776,,2/16/19,50,29,2/27/19,2019,6/7/19,,3.67,,,,UGA
Rcapito,898,,2/16/19,50,29,2/27/19,2019,6/10/19,,2.7,,,,UGA
Rcapito,899,,2/16/19,50,29,2/27/19,2019,6/10/19,,2.79,,,,UGA
Rcapito,900,,2/16/19,50,29,2/27/19,2019,6/10/19,,3.38,,,,UGA
Rcapito,901,,2/16/19,50,29,2/27/19,2019,6/10/19,,3.37,,,,UGA
Rcapito,933,,2/16/19,50,29,2/27/19,2019,6/11/19,,3.05,,,,UGA
Rcapito,934,,2/16/19,50,29,2/27/19,2019,6/11/19,,4.03,,,,UGA
Rcapito,935,,2/16/19,50,29,2/27/19,2019,6/11/19,,3.69,,,,UGA
Rcapito,1009,,2/16/19,50,29,2/27/19,2019,6/10/19,,3.11,,,,UGA
Rcapito,1012,,2/16/19,50,29,2/27/19,2019,6/14/19,,4.17,,,,UGA
Rcapito,1013,,2/16/19,50,29,2/27/19,2019,6/14/19,,3.77,,,,UGA
Rcapito,1014,,2/16/19,50,29,2/27/19,2019,6/14/19,,3.3,,,,UGA
Rcapito,1015,,2/16/19,50,29,2/27/19,2019,6/14/19,,4.64,,,,UGA
Rcapito,1016,,2/16/19,50,29,2/27/19,2019,6/14/19,,4.08,,,,UGA
Rcapito,1017,,2/16/19,50,29,2/27/19,2019,6/14/19,,3.94,,,,UGA
Rcapito,1062,,2/16/19,50,29,2/27/19,2019,6/16/19,,4.31,,,,UGA
Rcapito,1176,,2/16/19,50,29,2/27/19,2019,6/20/19,,4.72,,,,UGA
Rcapito,1177,,2/16/19,50,29,2/27/19,2019,6/20/19,,4.71,,,,UGA
Rcapito,211,,2/16/19,50,30,2/27/19,2019,5/30/19,,4.15, , , ,UGA
Rcapito,260,,2/16/19,50,30,2/27/19,2019,5/30/19,,4.06, , , ,UGA
Rcapito,428,,2/16/19,50,30,2/27/19,2019,6/3/19,,3.15, , , ,UGA
Rcapito,429,,2/16/19,50,30,2/27/19,2019,6/3/19,,3.78, , , ,UGA
Rcapito,430,,2/16/19,50,30,2/27/19,2019,6/3/19,,3.62, , , ,UGA
Rcapito,431,,2/16/19,50,30,2/27/19,2019,6/3/19,,3.36, , , ,UGA
Rcapito,432,,2/16/19,50,30,2/27/19,2019,6/3/19,,3.59, , , ,UGA
Rcapito,433,,2/16/19,50,30,2/27/19,2019,6/3/19,,3.53, , , ,UGA
Rcapito,619,,2/16/19,50,30,2/27/19,2019,6/4/19,,3,,,,UGA
Rcapito,620,,2/16/19,50,30,2/27/19,2019,6/4/19,,3.39,,,,UGA
Rcapito,621,,2/16/19,50,30,2/27/19,2019,6/4/19,,2.72,,,,UGA
Rcapito,622,,2/16/19,50,30,2/27/19,2019,6/4/19,,3.32,,,,UGA
Rcapito,623,,2/16/19,50,30,2/27/19,2019,6/4/19,,3.41,,,,UGA
Rcapito,624,,2/16/19,50,30,2/27/19,2019,6/4/19,,3.42,,,,UGA
Rcapito,627,,2/16/19,50,30,2/27/19,2019,6/5/19,,3.23,,,,UGA
Rcapito,628,,2/16/19,50,30,2/27/19,2019,6/5/19,,4.15,,,,UGA
Rcapito,629,,2/16/19,50,30,2/27/19,2019,6/5/19,,3.48,,,,UGA
Rcapito,731,,2/16/19,50,30,2/27/19,2019,6/6/19,,3.58,,,,UGA
Rcapito,777,,2/16/19,50,30,2/27/19,2019,6/7/19,,3.71,,,,UGA
Rcapito,778,,2/16/19,50,30,2/27/19,2019,6/7/19,,3.99,,,,UGA
Rcapito,779,,2/16/19,50,30,2/27/19,2019,6/7/19,,4.47,,,,UGA
Rcapito,808,,2/16/19,50,30,2/27/19,2019,6/8/19,,2.63,,,,UGA
Rcapito,809,,2/16/19,50,30,2/27/19,2019,6/8/19,,3.28,,,,UGA
Rcapito,810,,2/16/19,50,30,2/27/19,2019,6/8/19,,3.09,,,,UGA
Rcapito,902,,2/16/19,50,30,2/27/19,2019,6/10/19,,3.75,,,,UGA
Rcapito,977,,2/16/19,50,30,2/27/19,2019,6/12/19,,3.17,,,,UGA
Rcapito,978,,2/16/19,50,30,2/27/19,2019,6/12/19,,3.46,,,DEAD 6/13,UGA
Rcapito,979,,2/16/19,50,30,2/27/19,2019,6/12/19,,3.92,,,,UGA
Rcapito,980,,2/16/19,50,30,2/27/19,2019,6/12/19,,3.1,,,,UGA
Rcapito,1008,,2/16/19,50,30,2/27/19,2019,6/10/19,,3.75,,,,UGA
Rcapito,1018,,2/16/19,50,30,2/27/19,2019,6/14/19,,4.16,,,,UGA
Rcapito,1019,,2/16/19,50,30,2/27/19,2019,6/14/19,,3.4,,,,UGA
Rcapito,1020,,2/16/19,50,30,2/27/19,2019,6/14/19,,5.51,,,,UGA
Rcapito,1086,,2/16/19,50,30,2/27/19,2019,6/16/19,,3.64,,,,UGA
Rcapito,1087,,2/16/19,50,30,2/27/19,2019,6/16/19,,4.25,,,,UGA
Rcapito,1088,,2/16/19,50,30,2/27/19,2019,6/16/19,,3.49,,,,UGA
Rcapito,1089,,2/16/19,50,30,2/27/19,2019,6/16/19,,3.86,,,,UGA
Rcapito,1090,,2/16/19,50,30,2/27/19,2019,6/16/19,,4.14,,,,UGA
Rcapito,1129,,2/16/19,50,30,2/27/19,2019,6/18/19,,4.64,,,,UGA
Rcapito,1171,,2/16/19,50,30,2/27/19,2019,6/20/19,,4.26,,,,UGA
Rcapito,1172,,2/16/19,50,30,2/27/19,2019,6/20/19,,3.47,,,,UGA
Rcapito,1173,,2/16/19,50,30,2/27/19,2019,6/20/19,,4.13,,,,UGA
Rcapito,1201,,2/16/19,50,30,2/27/19,2019,6/21/19,,5.18,,,,UGA
Rcapito,1202,,2/16/19,50,30,2/27/19,2019,6/21/19,,4.82,,,,UGA
Rcapito,1210,,2/16/19,50,30,2/27/19,2019,6/20/19,,4.85,,,,UGA
Rcapito,1211,,2/16/19,50,30,2/27/19,2019,6/20/19,,4.7,,,,UGA
Rcapito,1241,,2/16/19,50,30,2/27/19,2019,6/29/19,,4.64,,,,UGA
Rcapito,199,,2/16/19,50,31,2/27/19,2019,5/30/19,,4.98, , , ,UGA
Rcapito,200,,2/16/19,50,31,2/27/19,2019,5/30/19,,4.82, , , ,UGA
Rcapito,300,,2/16/19,50,31,2/27/19,2019,5/31/19,,4.39, , , ,UGA
Rcapito,1197,,2/16/19,50,31,2/27/19,2019,6/21/19,,7.44,,GILL,,UGA
Rcapito,781,,2/16/19,50,31,2/27/19,2019,6/8/19,,4.48,,NDF,,UGA
Rcapito,1257,,2/16/19,50,31,2/27/19,2019,7/4/19,,5.74,,NDF NE GILL,,UGA
Rcapito,455,,2/16/19,50,31,2/27/19,2019,6/3/19,,5.1,,,,UGA
Rcapito,456,,2/16/19,50,31,2/27/19,2019,6/3/19,,4.25,,,,UGA
Rcapito,457,,2/16/19,50,31,2/27/19,2019,6/3/19,,5.14,,,,UGA
Rcapito,458,,2/16/19,50,31,2/27/19,2019,6/3/19,,3.77,,,,UGA
Rcapito,459,,2/16/19,50,31,2/27/19,2019,6/3/19,,5.11,,,,UGA
Rcapito,460,,2/16/19,50,31,2/27/19,2019,6/3/19,,4.24,,,,UGA
Rcapito,461,,2/16/19,50,31,2/27/19,2019,6/3/19,,4.46,,,,UGA
Rcapito,607,,2/16/19,50,31,2/27/19,2019,6/4/19,,5.13,,,,UGA
Rcapito,608,,2/16/19,50,31,2/27/19,2019,6/4/19,,4.19,,,,UGA
Rcapito,609,,2/16/19,50,31,2/27/19,2019,6/4/19,,4.62,,,,UGA
Rcapito,610,,2/16/19,50,31,2/27/19,2019,6/4/19,,4.74,,,,UGA
Rcapito,611,,2/16/19,50,31,2/27/19,2019,6/4/19,,4.4,,,,UGA
Rcapito,707,,2/16/19,50,31,2/27/19,2019,6/6/19,,4.62,,,,UGA
Rcapito,708,,2/16/19,50,31,2/27/19,2019,6/6/19,,4.66,,,,UGA
Rcapito,709,,2/16/19,50,31,2/27/19,2019,6/6/19,,4.54,,,,UGA
Rcapito,710,,2/16/19,50,31,2/27/19,2019,6/6/19,,3.86,,,,UGA
Rcapito,767,,2/16/19,50,31,2/27/19,2019,6/7/19,,4.55,,,,UGA
Rcapito,768,,2/16/19,50,31,2/27/19,2019,6/7/19,,4.53,,,,UGA
Rcapito,769,,2/16/19,50,31,2/27/19,2019,6/7/19,,5.09,,,,UGA
Rcapito,780,,2/16/19,50,31,2/27/19,2019,6/8/19,,4.89,,,,UGA
Rcapito,782,,2/16/19,50,31,2/27/19,2019,6/8/19,,3.74,,,,UGA
Rcapito,783,,2/16/19,50,31,2/27/19,2019,6/8/19,,4.94,,,,UGA
Rcapito,877,,2/16/19,50,31,2/27/19,2019,6/9/19,,4.9,,,,UGA
Rcapito,878,,2/16/19,50,31,2/27/19,2019,6/9/19,,4.82,,,,UGA
Rcapito,926,,2/16/19,50,31,2/27/19,2019,6/11/19,,4.48,,,,UGA
Rcapito,927,,2/16/19,50,31,2/27/19,2019,6/11/19,,5.18,,,,UGA
Rcapito,928,,2/16/19,50,31,2/27/19,2019,6/11/19,,3.72,,,,UGA
Rcapito,929,,2/16/19,50,31,2/27/19,2019,6/11/19,,5.05,,,,UGA
Rcapito,990,,2/16/19,50,31,2/27/19,2019,6/13/19,,4.93,,,,UGA
Rcapito,991,,2/16/19,50,31,2/27/19,2019,6/13/19,,4.13,,,,UGA
Rcapito,1011,,2/16/19,50,31,2/27/19,2019,6/14/19,,5.84,,,,UGA
Rcapito,1154,,2/16/19,50,31,2/27/19,2019,6/19/19,,5.97,,,,UGA
Rcapito,1196,,2/16/19,50,31,2/27/19,2019,6/21/19,,3.62,,,,UGA
Rcapito,1198,,2/16/19,50,31,2/27/19,2019,6/21/19,,5.25,,,,UGA
Rcapito,1199,,2/16/19,50,31,2/27/19,2019,6/21/19,,4.24,,,,UGA
Rcapito,1200,,2/16/19,50,31,2/27/19,2019,6/21/19,,5.51,,,,UGA
Rcapito,1219,,2/16/19,50,31,2/27/19,2019,6/23/19,,6.43,,,,UGA
Rcapito,1220,,2/16/19,50,31,2/27/19,2019,6/23/19,,3.56,,,,UGA
Rcapito,1221,,2/16/19,50,31,2/27/19,2019,6/23/19,,8.64,,,,UGA
Rcapito,1224,,2/16/19,50,31,2/27/19,2019,6/25/19,,3.29,,,,UGA
Rcapito,1225,,2/16/19,50,31,2/27/19,2019,6/25/19,,3.24,,,,UGA
Rcapito,1226,,2/16/19,50,31,2/27/19,2019,6/25/19,,5.38,,,,UGA
Rcapito,1236,,2/16/19,50,31,2/27/19,2019,6/27/19,,4.8,,,,UGA
Rcapito,1245,,2/16/19,50,31,2/27/19,2019,7/1/19,,5.27,,,,UGA
Rcapito,1246,,2/16/19,50,31,2/27/19,2019,7/1/19,,5.51,,,,UGA
Rcapito,1247,,2/16/19,50,31,2/27/19,2019,7/1/19,,5.42,,,,UGA
Rcapito,1248,,2/16/19,50,31,2/27/19,2019,7/1/19,,4.61,,,,UGA
Rcapito,1249,,2/16/19,50,31,2/27/19,2019,7/1/19,,4.18,,,,UGA
Rcapito,1250,,2/16/19,50,31,2/27/19,2019,7/1/19,,6.04,,,,UGA
Rcapito,1253,,2/16/19,50,31,2/27/19,2019,7/3/19,,6.86,,,,UGA
Rcapito,1256,,2/16/19,50,31,2/27/19,2019,6/27/19,,4.38,,,,UGA
Rcapito,287,,2/16/19,50,32,2/27/19,2019,5/31/19,,5.22, , , ,UGA
Rcapito,435,,2/16/19,50,32,2/27/19,2019,6/3/19,,5.51, , , ,UGA
Rcapito,436,,2/16/19,50,32,2/27/19,2019,6/3/19,,4.6, , , ,UGA
Rcapito,442,,2/16/19,50,32,2/27/19,2019,6/3/19,,5.07,,.5 CM TAIL,,UGA
Rcapito,434,,2/16/19,50,32,2/27/19,2019,6/3/19,,4.76, ,1 CM TAIL, ,UGA
Rcapito,437,,2/16/19,50,32,2/27/19,2019,6/3/19,,5.56, ,1 CM TAIL, ,UGA
Rcapito,438,,2/16/19,50,32,2/27/19,2019,6/3/19,,4.53, ,1 CM TAIL, ,UGA
Rcapito,950,,2/16/19,50,32,2/27/19,2019,6/11/19,,4.26,,NDF,,UGA
Rcapito,951,,2/16/19,50,32,2/27/19,2019,6/11/19,,4.52,,NDF,,UGA
Rcapito,963,,2/16/19,50,32,2/27/19,2019,6/12/19,,4.27,,NDF,,UGA
Rcapito,964,,2/16/19,50,32,2/27/19,2019,6/12/19,,4.18,,NDF,,UGA
Rcapito,965,,2/16/19,50,32,2/27/19,2019,6/12/19,,4.21,,NDF,,UGA
Rcapito,439,,2/16/19,50,32,2/27/19,2019,6/3/19,,5.02,,,,UGA
Rcapito,440,,2/16/19,50,32,2/27/19,2019,6/3/19,,3.77,,,,UGA
Rcapito,441,,2/16/19,50,32,2/27/19,2019,6/3/19,,4.04,,,,UGA
Rcapito,443,,2/16/19,50,32,2/27/19,2019,6/3/19,,4.23,,,,UGA
Rcapito,444,,2/16/19,50,32,2/27/19,2019,6/3/19,,4.42,,,,UGA
Rcapito,445,,2/16/19,50,32,2/27/19,2019,6/3/19,,4.71,,,,UGA
Rcapito,446,,2/16/19,50,32,2/27/19,2019,6/3/19,,5.16,,,,UGA
Rcapito,626,,2/16/19,50,32,2/27/19,2019,6/5/19,,4.95,,,,UGA
Rcapito,762,,2/16/19,50,32,2/27/19,2019,6/7/19,,4.61,,,,UGA
Rcapito,763,,2/16/19,50,32,2/27/19,2019,6/7/19,,3.51,,,,UGA
Rcapito,800,,2/16/19,50,32,2/27/19,2019,6/8/19,,3.73,,,,UGA
Rcapito,801,,2/16/19,50,32,2/27/19,2019,6/8/19,,3.91,,,,UGA
Rcapito,802,,2/16/19,50,32,2/27/19,2019,6/8/19,,4.4,,,,UGA
Rcapito,803,,2/16/19,50,32,2/27/19,2019,6/8/19,,4.07,,,,UGA
Rcapito,804,,2/16/19,50,32,2/27/19,2019,6/8/19,,4.07,,,,UGA
Rcapito,805,,2/16/19,50,32,2/27/19,2019,6/8/19,,4.2,,,,UGA
Rcapito,906,,2/16/19,50,32,2/27/19,2019,6/10/19,,4.48,,,,UGA
Rcapito,907,,2/16/19,50,32,2/27/19,2019,6/10/19,,3.84,,,,UGA
Rcapito,908,,2/16/19,50,32,2/27/19,2019,6/10/19,,3.81,,,,UGA
Rcapito,962,,2/16/19,50,32,2/27/19,2019,6/12/19,,4.77,,,,UGA
Rcapito,1055,,2/16/19,50,32,2/27/19,2019,6/16/19,,4.89,,,,UGA
Rcapito,1056,,2/16/19,50,32,2/27/19,2019,6/16/19,,5.71,,,,UGA
Rcapito,1057,,2/16/19,50,32,2/27/19,2019,6/16/19,,4.84,,,,UGA
Rcapito,1058,,2/16/19,50,32,2/27/19,2019,6/16/19,,4.6,,,,UGA
Rcapito,1130,,2/16/19,50,32,2/27/19,2019,6/18/19,,5.7,,,,UGA
Rcapito,1133,,2/16/19,50,32,2/27/19,2019,6/18/19,,5.37,,,,UGA
Rcapito,1134,,2/16/19,50,32,2/27/19,2019,6/18/19,,5.7,,,,UGA
Rcapito,1184,,2/16/19,50,32,2/27/19,2019,6/20/19,,5.81,,,,UGA
Rcapito,13,,2/16/19,50,33,2/27/19,2019,5/26/19,,3.57, , , ,UGA
Rcapito,68,,2/16/19,50,33,2/27/19,2019,5/27/19,,4.85, , , ,UGA
Rcapito,69,,2/16/19,50,33,2/27/19,2019,5/27/19,,4.21, , , ,UGA
Rcapito,70,,2/16/19,50,33,2/27/19,2019,5/28/19,,4.68, , , ,UGA
Rcapito,71,,2/16/19,50,33,2/27/19,2019,5/27/19,,5.03, , , ,UGA
Rcapito,72,,2/16/19,50,33,2/27/19,2019,5/27/19,,4.44, , , ,UGA
Rcapito,73,,2/16/19,50,33,2/27/19,2019,5/27/19,,3.77, , , ,UGA
Rcapito,189,,2/16/19,50,33,2/27/19,2019,5/29/19,,5.68, , , ,UGA
Rcapito,190,,2/16/19,50,33,2/27/19,2019,5/29/19,,4.75, , , ,UGA
Rcapito,191,,2/16/19,50,33,2/27/19,2019,5/29/19,,3.88, , , ,UGA
Rcapito,314,,2/16/19,50,33,2/27/19,2019,5/31/19,,4.26, , , ,UGA
Rcapito,315,,2/16/19,50,33,2/27/19,2019,5/31/19,,5.12, , , ,UGA
Rcapito,316,,2/16/19,50,33,2/27/19,2019,5/31/19,,4.31, , , ,UGA
Rcapito,344,,2/16/19,50,33,2/27/19,2019,6/1/19,,4.68, , , ,UGA
Rcapito,345,,2/16/19,50,33,2/27/19,2019,6/1/19,,4.09, , , ,UGA
Rcapito,347,,2/16/19,50,33,2/27/19,2019,6/1/19,,4.62, , , ,UGA
Rcapito,348,,2/16/19,50,33,2/27/19,2019,6/1/19,,4.35, , , ,UGA
Rcapito,350,,2/16/19,50,33,2/27/19,2019,6/1/19,,4.48, , , ,UGA
Rcapito,394,,2/16/19,50,33,2/27/19,2019,6/21/19,,3.5, , , ,UGA
Rcapito,395,,2/16/19,50,33,2/27/19,2019,6/21/19,,4.54, , , ,UGA
Rcapito,346,,2/16/19,50,33,2/27/19,2019,6/1/19,,4.77, ,0.5 CM TAIL, ,UGA
Rcapito,349,,2/16/19,50,33,2/27/19,2019,6/1/19,,4.11, ,0.5 CM TAIL, ,UGA
Rcapito,480,,2/16/19,50,33,2/27/19,2019,6/3/19,,4.12,,NDF,,UGA
Rcapito,481,,2/16/19,50,33,2/27/19,2019,6/3/19,,4.08,,NDF,,UGA
Rcapito,855,,2/16/19,50,33,2/27/19,2019,6/8/19,,4.78,,NDF,,UGA
Rcapito,959,,2/16/19,50,33,2/27/19,2019,6/11/19,,4.24,,NDF,,UGA
Rcapito,1251,,2/16/19,50,33,2/27/19,2019,7/1/19,,7.36,,NDF,,UGA
Rcapito,1194,,2/16/19,50,33,2/27/19,2019,6/21/19,,5.22,,NDF NE GILL,,UGA
Rcapito,677,,2/16/19,50,33,2/27/19,2019,6/5/19,,4.05,,,,UGA
Rcapito,678,,2/16/19,50,33,2/27/19,2019,6/5/19,,3.78,,,,UGA
Rcapito,679,,2/16/19,50,33,2/27/19,2019,6/5/19,,3.5,,,,UGA
Rcapito,680,,2/16/19,50,33,2/27/19,2019,6/5/19,,4.7,,,,UGA
Rcapito,681,,2/16/19,50,33,2/27/19,2019,6/5/19,,3.97,,,,UGA
Rcapito,682,,2/16/19,50,33,2/27/19,2019,6/5/19,,3.85,,,,UGA
Rcapito,683,,2/16/19,50,33,2/27/19,2019,6/5/19,,3.67,,,,UGA
Rcapito,854,,2/16/19,50,33,2/27/19,2019,6/8/19,,5.33,,,,UGA
Rcapito,992,,2/16/19,50,33,2/27/19,2019,6/13/19,,5.37,,,,UGA
Rcapito,993,,2/16/19,50,33,2/27/19,2019,6/13/19,,5.5,,,,UGA
Rcapito,1054,,2/16/19,50,33,2/27/19,2019,6/15/19,,6,,,,UGA
Rcapito,1109,,2/16/19,50,33,2/27/19,2019,6/17/19,,5.56,,,,UGA
Rcapito,1146,,2/16/19,50,33,2/27/19,2019,6/19/19,,5.37,,,,UGA
Rcapito,1239,,2/16/19,50,33,2/27/19,2019,6/27/19,,7.29,,,,UGA
Rcapito,50,,2/16/19,50,34,2/27/19,2019,5/27/19,,5.31, , , ,UGA
Rcapito,51,,2/16/19,50,34,2/27/19,2019,5/27/19,,5.48, , , ,UGA
Rcapito,52,,2/16/19,50,34,2/27/19,2019,5/27/19,,5.36, , , ,UGA
Rcapito,53,,2/16/19,50,34,2/27/19,2019,5/27/19,,4.04, , , ,UGA
Rcapito,54,,2/16/19,50,34,2/27/19,2019,5/27/19,,5.55, , , ,UGA
Rcapito,55,,2/16/19,50,34,2/27/19,2019,5/27/19,,5.47, , , ,UGA
Rcapito,56,,2/16/19,50,34,2/27/19,2019,5/27/19,,4.86, , , ,UGA
Rcapito,57,,2/16/19,50,34,2/27/19,2019,5/27/19,,4.52, , , ,UGA
Rcapito,58,,2/16/19,50,34,2/27/19,2019,5/27/19,,4.9, , , ,UGA
Rcapito,59,,2/16/19,50,34,2/27/19,2019,5/27/19,,4.88, , , ,UGA
Rcapito,60,,2/16/19,50,34,2/27/19,2019,5/27/19,,4.49, , , ,UGA
Rcapito,61,,2/16/19,50,34,2/27/19,2019,5/27/19,,5.78, , , ,UGA
Rcapito,62,,2/16/19,50,34,2/27/19,2019,5/27/19,,4.83, , , ,UGA
Rcapito,136,,2/16/19,50,34,2/27/19,2019,5/29/19,,5.4, , , ,UGA
Rcapito,139,,2/16/19,50,34,2/27/19,2019,5/29/19,,5.47, , , ,UGA
Rcapito,140,,2/16/19,50,34,2/27/19,2019,5/29/19,,5.14, , , ,UGA
Rcapito,161,,2/16/19,50,34,2/27/19,2019,5/29/19,,5.6, , , ,UGA
Rcapito,162,,2/16/19,50,34,2/27/19,2019,5/29/19,,5.46, , , ,UGA
Rcapito,163,,2/16/19,50,34,2/27/19,2019,5/29/19,,5.4, , , ,UGA
Rcapito,164,,2/16/19,50,34,2/27/19,2019,5/29/19,,5.04, , , ,UGA
Rcapito,165,,2/16/19,50,34,2/27/19,2019,5/29/19,,5.13, , , ,UGA
Rcapito,166,,2/16/19,50,34,2/27/19,2019,5/29/19,,5.2, , , ,UGA
Rcapito,167,,2/16/19,50,34,2/27/19,2019,5/29/19,,5.64, , , ,UGA
Rcapito,183,,2/16/19,50,34,2/27/19,2019,5/29/19,,4.87, , , ,UGA
Rcapito,185,,2/16/19,50,34,2/27/19,2019,5/29/19,,5.93, , , ,UGA
Rcapito,186,,2/16/19,50,34,2/27/19,2019,5/29/19,,6.94, , , ,UGA
Rcapito,187,,2/16/19,50,34,2/27/19,2019,5/29/19,,4.87, , , ,UGA
Rcapito,188,,2/16/19,50,34,2/27/19,2019,5/29/19,,4.5, , , ,UGA
Rcapito,310,,2/16/19,50,34,2/27/19,2019,5/31/19,,5.37, , , ,UGA
Rcapito,311,,2/16/19,50,34,2/27/19,2019,5/31/19,,5.42, , , ,UGA
Rcapito,312,,2/16/19,50,34,2/27/19,2019,5/31/19,,5.17, , , ,UGA
Rcapito,313,,2/16/19,50,34,2/27/19,2019,5/31/19,,5.35, , , ,UGA
Rcapito,325,,2/16/19,50,34,2/27/19,2019,6/1/19,,5.6, , , ,UGA
Rcapito,326,,2/16/19,50,34,2/27/19,2019,6/1/19,,5.12, , , ,UGA
Rcapito,327,,2/16/19,50,34,2/27/19,2019,6/1/19,,5.02, , , ,UGA
Rcapito,137,,2/16/19,50,34,2/27/19,2019,5/29/19,,4.41, ,NDF, ,UGA
Rcapito,138,,2/16/19,50,34,2/27/19,2019,5/29/19,,5.15, ,NDF, ,UGA
Rcapito,184,,2/16/19,50,34,2/27/19,2019,5/29/19,,4.5, ,NDF, ,UGA
Rcapito,706,,2/16/19,50,34,2/27/19,2019,6/6/19,,4.96,,NDF,,UGA
Rcapito,748,,2/16/19,50,34,2/27/19,2019,6/7/19,,5.58,,NDF,,UGA
Rcapito,1179,,2/16/19,50,34,2/27/19,2019,6/20/19,,6.25,,NDF,,UGA
Rcapito,702,,2/16/19,50,34,2/27/19,2019,6/6/19,,5.42,,,,UGA
Rcapito,703,,2/16/19,50,34,2/27/19,2019,6/6/19,,5,,,,UGA
Rcapito,704,,2/16/19,50,34,2/27/19,2019,6/6/19,,5.07,,,,UGA
Rcapito,705,,2/16/19,50,34,2/27/19,2019,6/6/19,,6.3,,,,UGA
Rcapito,746,,2/16/19,50,34,2/27/19,2019,6/7/19,,4.21,,,,UGA
Rcapito,747,,2/16/19,50,34,2/27/19,2019,6/7/19,,5.44,,,,UGA
Rcapito,1110,,2/16/19,50,34,2/27/19,2019,6/17/19,,6.51,,,,UGA
Rcapito,259,,2/16/19,50,35,2/27/19,2019,5/29/19,,4.32, , ,dead 5/30,UGA
Rcapito,324,,2/16/19,50,"""James""",2/27/19,2019,6/1/19,,5.8, , , ,UGA
Rcapito,86,,2/16/19,50,UN,2/27/19,2019,5/28/19,,5.58, , , ,UGA
,,,,,,,,,,4.833557692,,,,